algorithm,success,total_cost,solution_depth,execution_time_sec,expanded_nodes,chosen_nodes,iterations,max_fringe_size,path_length,actions,final_state,instance_id,grid,start,goal,max_battery,recharge_stations,obstacles,no_fly_zones
depth_first,True,86.385,48,0.24966699999640696,1348,1349,1349,146,48,"['WAIT', 'WAIT', 'WAIT', 'WAIT', 'WAIT', 'WAIT', 'WAIT', 'WAIT', 'WAIT', 'WAIT', 'WAIT', 'WAIT', 'WAIT', 'WAIT', 'WAIT', 'WAIT', 'WAIT', 'WAIT', 'WAIT', 'WAIT', 'WAIT', 'WAIT', 'WAIT', 'WAIT', 'WAIT', 'WAIT', 'WAIT', 'WAIT', 'WAIT', 'WAIT', 'WAIT', 'WAIT', 'WAIT', 'WAIT', 'WAIT', 'WAIT', 'WAIT', 'WAIT', 'UP_Z', 'UP_X', 'UP_X', 'RECHARGE', 'UP_Y', 'UP_X', 'UP_Y', 'UP_Y', 'UP_Y', 'UP_Y']","DroneState(x=3, y=5, z=1, battery=2, time_step=50)",1,4x6x2,"(0, 0, 0)","(3, 5, 1)",8,2,4,1
breadth_first,True,10.385,10,0.5165288999996847,1230,1231,1231,415,10,"['UP_X', 'UP_X', 'UP_Z', 'RECHARGE', 'UP_X', 'UP_Y', 'UP_Y', 'UP_Y', 'UP_Y', 'UP_Y']","DroneState(x=3, y=5, z=1, battery=2, time_step=12)",1,4x6x2,"(0, 0, 0)","(3, 5, 1)",8,2,4,1
uniform_cost,True,10.385,10,1.0383361999993213,908,909,909,601,10,"['UP_X', 'UP_Y', 'RECHARGE', 'UP_Y', 'UP_Y', 'UP_Y', 'UP_Y', 'UP_X', 'UP_X', 'UP_Z']","DroneState(x=3, y=5, z=1, battery=1, time_step=12)",1,4x6x2,"(0, 0, 0)","(3, 5, 1)",8,2,4,1
greedy,True,82.635,47,0.7292663999978686,1067,1068,1068,532,47,"['UP_X', 'UP_X', 'UP_X', 'UP_Z', 'WAIT', 'WAIT', 'WAIT', 'WAIT', 'WAIT', 'WAIT', 'WAIT', 'WAIT', 'WAIT', 'WAIT', 'WAIT', 'WAIT', 'WAIT', 'WAIT', 'WAIT', 'WAIT', 'WAIT', 'WAIT', 'WAIT', 'WAIT', 'WAIT', 'WAIT', 'WAIT', 'WAIT', 'WAIT', 'WAIT', 'WAIT', 'WAIT', 'WAIT', 'WAIT', 'WAIT', 'WAIT', 'WAIT', 'WAIT', 'WAIT', 'DOWN_X', 'RECHARGE', 'UP_X', 'UP_Y', 'UP_Y', 'UP_Y', 'UP_Y', 'UP_Y']","DroneState(x=3, y=5, z=1, battery=2, time_step=49)",1,4x6x2,"(0, 0, 0)","(3, 5, 1)",8,2,4,1
astar,True,10.385,10,0.0045116999972378835,28,29,29,63,10,"['UP_X', 'UP_X', 'UP_Z', 'RECHARGE', 'UP_X', 'UP_Y', 'UP_Y', 'UP_Y', 'UP_Y', 'UP_Y']","DroneState(x=3, y=5, z=1, battery=2, time_step=12)",1,4x6x2,"(0, 0, 0)","(3, 5, 1)",8,2,4,1
depth_first,True,93.90888888888891,50,0.07940529999905266,476,477,477,151,50,"['WAIT', 'WAIT', 'WAIT', 'WAIT', 'WAIT', 'WAIT', 'WAIT', 'WAIT', 'WAIT', 'WAIT', 'WAIT', 'WAIT', 'WAIT', 'WAIT', 'WAIT', 'WAIT', 'WAIT', 'WAIT', 'WAIT', 'WAIT', 'WAIT', 'WAIT', 'WAIT', 'WAIT', 'WAIT', 'WAIT', 'WAIT', 'WAIT', 'WAIT', 'WAIT', 'WAIT', 'WAIT', 'WAIT', 'WAIT', 'WAIT', 'WAIT', 'WAIT', 'WAIT', 'WAIT', 'WAIT', 'WAIT', 'WAIT', 'WAIT', 'UP_Z', 'UP_Y', 'UP_Y', 'UP_Y', 'UP_X', 'UP_X', 'UP_X']","DroneState(x=3, y=3, z=1, battery=1, time_step=50)",2,4x4x2,"(0, 0, 0)","(3, 3, 1)",9,2,3,1
breadth_first,True,7.908888888888889,7,0.10293039999669418,406,407,407,224,7,"['UP_X', 'UP_X', 'UP_Y', 'UP_Y', 'UP_X', 'UP_Y', 'UP_Z']","DroneState(x=3, y=3, z=1, battery=1, time_step=7)",2,4x4x2,"(0, 0, 0)","(3, 3, 1)",9,2,3,1
uniform_cost,True,7.777777777777777,7,0.18232320000242908,317,318,318,285,7,"['UP_Y', 'UP_Y', 'UP_X', 'UP_Y', 'UP_X', 'UP_X', 'UP_Z']","DroneState(x=3, y=3, z=1, battery=2, time_step=7)",2,4x4x2,"(0, 0, 0)","(3, 3, 1)",9,2,3,1
greedy,True,7.908888888888889,7,0.000893999997060746,7,8,8,25,7,"['UP_X', 'UP_X', 'UP_Y', 'UP_Y', 'UP_X', 'UP_Y', 'UP_Z']","DroneState(x=3, y=3, z=1, battery=1, time_step=7)",2,4x4x2,"(0, 0, 0)","(3, 3, 1)",9,2,3,1
astar,True,7.777777777777777,7,0.0009299000084865838,7,8,8,27,7,"['UP_Y', 'UP_X', 'UP_X', 'UP_Y', 'UP_X', 'UP_Y', 'UP_Z']","DroneState(x=3, y=3, z=1, battery=2, time_step=7)",2,4x4x2,"(0, 0, 0)","(3, 3, 1)",9,2,3,1
depth_first,True,91.89999999999995,50,0.16208409999671858,930,931,931,151,50,"['WAIT', 'WAIT', 'WAIT', 'WAIT', 'WAIT', 'WAIT', 'WAIT', 'WAIT', 'WAIT', 'WAIT', 'WAIT', 'WAIT', 'WAIT', 'WAIT', 'WAIT', 'WAIT', 'WAIT', 'WAIT', 'WAIT', 'WAIT', 'WAIT', 'WAIT', 'WAIT', 'WAIT', 'WAIT', 'WAIT', 'WAIT', 'WAIT', 'WAIT', 'WAIT', 'WAIT', 'WAIT', 'WAIT', 'WAIT', 'WAIT', 'WAIT', 'WAIT', 'WAIT', 'WAIT', 'WAIT', 'WAIT', 'UP_Z', 'UP_Y', 'UP_X', 'UP_Y', 'UP_Y', 'UP_Y', 'UP_Y', 'UP_X', 'UP_X']","DroneState(x=3, y=5, z=1, battery=1, time_step=50)",3,4x6x2,"(0, 0, 0)","(3, 5, 1)",10,2,5,1
breadth_first,True,9.899999999999999,9,0.37086830000043847,971,972,972,360,9,"['UP_X', 'UP_X', 'UP_Y', 'UP_Y', 'UP_X', 'UP_Y', 'UP_Y', 'UP_Y', 'UP_Z']","DroneState(x=3, y=5, z=1, battery=1, time_step=9)",3,4x6x2,"(0, 0, 0)","(3, 5, 1)",10,2,5,1
uniform_cost,True,9.899999999999999,9,1.354312099996605,995,996,996,664,9,"['UP_Y', 'UP_Y', 'UP_Y', 'UP_X', 'UP_Y', 'UP_Z', 'UP_X', 'UP_X', 'UP_Y']","DroneState(x=3, y=5, z=1, battery=1, time_step=9)",3,4x6x2,"(0, 0, 0)","(3, 5, 1)",10,2,5,1
greedy,True,9.899999999999999,9,0.5918915000074776,964,965,965,512,9,"['UP_X', 'UP_X', 'UP_Y', 'UP_Y', 'UP_X', 'UP_Y', 'UP_Y', 'UP_Y', 'UP_Z']","DroneState(x=3, y=5, z=1, battery=1, time_step=9)",3,4x6x2,"(0, 0, 0)","(3, 5, 1)",10,2,5,1
astar,True,9.899999999999999,9,0.0016190000023925677,11,12,12,38,9,"['UP_X', 'UP_X', 'UP_Y', 'UP_Y', 'UP_X', 'UP_Y', 'UP_Y', 'UP_Y', 'UP_Z']","DroneState(x=3, y=5, z=1, battery=1, time_step=9)",3,4x6x2,"(0, 0, 0)","(3, 5, 1)",10,2,5,1
depth_first,True,93.0,50,0.019948599991039373,277,278,278,53,50,"['WAIT', 'WAIT', 'WAIT', 'WAIT', 'WAIT', 'WAIT', 'WAIT', 'WAIT', 'WAIT', 'WAIT', 'WAIT', 'WAIT', 'WAIT', 'WAIT', 'WAIT', 'WAIT', 'WAIT', 'WAIT', 'WAIT', 'WAIT', 'WAIT', 'WAIT', 'WAIT', 'WAIT', 'WAIT', 'WAIT', 'WAIT', 'WAIT', 'WAIT', 'WAIT', 'WAIT', 'WAIT', 'WAIT', 'WAIT', 'WAIT', 'WAIT', 'WAIT', 'WAIT', 'WAIT', 'WAIT', 'WAIT', 'WAIT', 'UP_Z', 'UP_Y', 'UP_X', 'UP_Y', 'UP_Y', 'UP_Y', 'UP_X', 'UP_X']","DroneState(x=3, y=4, z=1, battery=0, time_step=50)",4,4x5x2,"(0, 0, 0)","(3, 4, 1)",8,2,5,1
breadth_first,True,9.0,8,0.03293899999698624,210,211,211,137,8,"['UP_Z', 'UP_X', 'UP_X', 'UP_Y', 'UP_Y', 'UP_Y', 'UP_Y', 'UP_X']","DroneState(x=3, y=4, z=1, battery=0, time_step=8)",4,4x5x2,"(0, 0, 0)","(3, 4, 1)",8,2,5,1
uniform_cost,True,9.0,8,0.05292339999869,170,171,171,170,8,"['UP_Z', 'UP_X', 'UP_X', 'UP_Y', 'UP_Y', 'UP_Y', 'UP_Y', 'UP_X']","DroneState(x=3, y=4, z=1, battery=0, time_step=8)",4,4x5x2,"(0, 0, 0)","(3, 4, 1)",8,2,5,1
greedy,True,9.0,8,0.06024410000827629,268,269,269,168,8,"['UP_Z', 'UP_X', 'UP_X', 'UP_Y', 'UP_Y', 'UP_Y', 'UP_Y', 'UP_X']","DroneState(x=3, y=4, z=1, battery=0, time_step=8)",4,4x5x2,"(0, 0, 0)","(3, 4, 1)",8,2,5,1
astar,True,9.0,8,0.001789200003258884,11,12,12,34,8,"['UP_Z', 'UP_X', 'UP_X', 'UP_Y', 'UP_Y', 'UP_Y', 'UP_Y', 'UP_X']","DroneState(x=3, y=4, z=1, battery=0, time_step=8)",4,4x5x2,"(0, 0, 0)","(3, 4, 1)",8,2,5,1
depth_first,True,86.57999999999994,49,0.4130635000037728,2982,2983,2983,101,49,"['WAIT', 'WAIT', 'WAIT', 'WAIT', 'WAIT', 'WAIT', 'WAIT', 'WAIT', 'WAIT', 'WAIT', 'WAIT', 'WAIT', 'WAIT', 'WAIT', 'WAIT', 'WAIT', 'WAIT', 'WAIT', 'WAIT', 'WAIT', 'WAIT', 'WAIT', 'WAIT', 'WAIT', 'WAIT', 'WAIT', 'WAIT', 'WAIT', 'WAIT', 'WAIT', 'WAIT', 'WAIT', 'WAIT', 'WAIT', 'WAIT', 'WAIT', 'WAIT', 'UP_Z', 'UP_Z', 'UP_X', 'RECHARGE', 'UP_Y', 'UP_Y', 'UP_Y', 'UP_Y', 'UP_X', 'UP_X', 'UP_X', 'UP_X']","DroneState(x=5, y=4, z=2, battery=1, time_step=50)",5,6x5x3,"(0, 0, 0)","(5, 4, 2)",10,2,12,1
breadth_first,True,12.339999999999998,12,1.8290918999991845,2803,2804,2804,677,12,"['UP_Y', 'UP_X', 'UP_X', 'UP_Y', 'UP_X', 'UP_X', 'UP_X', 'UP_Z', 'UP_Y', 'UP_Z', 'RECHARGE', 'UP_Y']","DroneState(x=5, y=4, z=2, battery=3, time_step=13)",5,6x5x3,"(0, 0, 0)","(5, 4, 2)",10,2,12,1
uniform_cost,True,12.339999999999998,12,7.550124999994296,2646,2647,2647,1386,12,"['UP_Y', 'UP_X', 'UP_X', 'UP_Y', 'UP_X', 'UP_X', 'UP_X', 'UP_Z', 'UP_Z', 'UP_Y', 'RECHARGE', 'UP_Y']","DroneState(x=5, y=4, z=2, battery=3, time_step=13)",5,6x5x3,"(0, 0, 0)","(5, 4, 2)",10,2,12,1
greedy,True,12.339999999999998,12,0.001838100011809729,14,15,15,41,12,"['UP_Y', 'UP_X', 'UP_X', 'UP_Y', 'UP_X', 'UP_X', 'UP_X', 'UP_Z', 'UP_Y', 'UP_Z', 'RECHARGE', 'UP_Y']","DroneState(x=5, y=4, z=2, battery=3, time_step=13)",5,6x5x3,"(0, 0, 0)","(5, 4, 2)",10,2,12,1
astar,True,12.339999999999998,12,0.0017809999990276992,13,14,14,41,12,"['UP_Y', 'UP_X', 'UP_X', 'UP_Y', 'UP_X', 'UP_X', 'UP_X', 'UP_Z', 'UP_Y', 'UP_Z', 'RECHARGE', 'UP_Y']","DroneState(x=5, y=4, z=2, battery=3, time_step=13)",5,6x5x3,"(0, 0, 0)","(5, 4, 2)",10,2,12,1
depth_first,True,90.90909090909093,50,0.12430320000567008,1375,1376,1376,63,50,"['WAIT', 'WAIT', 'WAIT', 'WAIT', 'WAIT', 'WAIT', 'WAIT', 'WAIT', 'WAIT', 'WAIT', 'WAIT', 'WAIT', 'WAIT', 'WAIT', 'WAIT', 'WAIT', 'WAIT', 'WAIT', 'WAIT', 'WAIT', 'WAIT', 'WAIT', 'WAIT', 'WAIT', 'WAIT', 'WAIT', 'WAIT', 'WAIT', 'WAIT', 'WAIT', 'WAIT', 'WAIT', 'WAIT', 'WAIT', 'WAIT', 'WAIT', 'WAIT', 'WAIT', 'WAIT', 'WAIT', 'UP_X', 'UP_Z', 'UP_Z', 'UP_Y', 'UP_Y', 'UP_Y', 'UP_X', 'UP_X', 'UP_X', 'UP_X']","DroneState(x=5, y=3, z=2, battery=1, time_step=50)",6,6x4x3,"(0, 0, 0)","(5, 3, 2)",11,2,10,1
breadth_first,True,10.909090909090907,10,1.0520708999974886,1626,1627,1627,729,10,"['UP_X', 'UP_X', 'UP_X', 'UP_Y', 'UP_X', 'UP_X', 'UP_Y', 'UP_Y', 'UP_Z', 'UP_Z']","DroneState(x=5, y=3, z=2, battery=1, time_step=10)",6,6x4x3,"(0, 0, 0)","(5, 3, 2)",11,2,10,1
uniform_cost,True,10.909090909090907,10,3.4458196999912616,1504,1505,1505,1223,10,"['UP_X', 'UP_Z', 'UP_Z', 'UP_X', 'UP_X', 'UP_X', 'UP_Y', 'UP_X', 'UP_Y', 'UP_Y']","DroneState(x=5, y=3, z=2, battery=1, time_step=10)",6,6x4x3,"(0, 0, 0)","(5, 3, 2)",11,2,10,1
greedy,True,10.909090909090907,10,0.0013813999976264313,10,11,11,36,10,"['UP_X', 'UP_X', 'UP_X', 'UP_Y', 'UP_X', 'UP_X', 'UP_Y', 'UP_Y', 'UP_Z', 'UP_Z']","DroneState(x=5, y=3, z=2, battery=1, time_step=10)",6,6x4x3,"(0, 0, 0)","(5, 3, 2)",11,2,10,1
astar,True,10.909090909090907,10,0.0013750999933108687,10,11,11,36,10,"['UP_X', 'UP_X', 'UP_X', 'UP_Y', 'UP_X', 'UP_X', 'UP_Y', 'UP_Y', 'UP_Z', 'UP_Z']","DroneState(x=5, y=3, z=2, battery=1, time_step=10)",6,6x4x3,"(0, 0, 0)","(5, 3, 2)",11,2,10,1
depth_first,True,91.69230769230772,50,0.22302559998934157,1284,1285,1285,151,50,"['WAIT', 'WAIT', 'WAIT', 'WAIT', 'WAIT', 'WAIT', 'WAIT', 'WAIT', 'WAIT', 'WAIT', 'WAIT', 'WAIT', 'WAIT', 'WAIT', 'WAIT', 'WAIT', 'WAIT', 'WAIT', 'WAIT', 'WAIT', 'WAIT', 'WAIT', 'WAIT', 'WAIT', 'WAIT', 'WAIT', 'WAIT', 'WAIT', 'WAIT', 'WAIT', 'WAIT', 'WAIT', 'WAIT', 'WAIT', 'WAIT', 'WAIT', 'WAIT', 'WAIT', 'WAIT', 'WAIT', 'WAIT', 'UP_Z', 'UP_Z', 'UP_X', 'UP_Y', 'UP_Y', 'UP_X', 'UP_X', 'UP_Y', 'UP_X']","DroneState(x=4, y=3, z=2, battery=4, time_step=50)",7,5x4x3,"(0, 0, 0)","(4, 3, 2)",13,2,7,1
breadth_first,True,9.789230769230768,9,1.0135749000037322,1462,1463,1463,749,9,"['UP_X', 'UP_Y', 'UP_X', 'UP_X', 'UP_Y', 'UP_X', 'UP_Y', 'UP_Z', 'UP_Z']","DroneState(x=4, y=3, z=2, battery=3, time_step=9)",7,5x4x3,"(0, 0, 0)","(4, 3, 2)",13,2,7,1
uniform_cost,True,9.692307692307692,9,1.664093999992474,1023,1024,1024,831,9,"['UP_X', 'UP_Z', 'UP_Y', 'UP_Y', 'UP_X', 'UP_X', 'UP_X', 'UP_Z', 'UP_Y']","DroneState(x=4, y=3, z=2, battery=4, time_step=9)",7,5x4x3,"(0, 0, 0)","(4, 3, 2)",13,2,7,1
greedy,True,9.789230769230768,9,0.0013555000041378662,9,10,10,37,9,"['UP_X', 'UP_Y', 'UP_X', 'UP_X', 'UP_Y', 'UP_X', 'UP_Y', 'UP_Z', 'UP_Z']","DroneState(x=4, y=3, z=2, battery=3, time_step=9)",7,5x4x3,"(0, 0, 0)","(4, 3, 2)",13,2,7,1
astar,True,9.692307692307692,9,0.001421900000423193,9,10,10,38,9,"['UP_X', 'UP_Y', 'UP_Y', 'UP_X', 'UP_X', 'UP_X', 'UP_Y', 'UP_Z', 'UP_Z']","DroneState(x=4, y=3, z=2, battery=4, time_step=9)",7,5x4x3,"(0, 0, 0)","(4, 3, 2)",13,2,7,1
depth_first,True,88.79999999999998,49,0.1891600999952061,1450,1451,1451,101,49,"['WAIT', 'WAIT', 'WAIT', 'WAIT', 'WAIT', 'WAIT', 'WAIT', 'WAIT', 'WAIT', 'WAIT', 'WAIT', 'WAIT', 'WAIT', 'WAIT', 'WAIT', 'WAIT', 'WAIT', 'WAIT', 'WAIT', 'WAIT', 'WAIT', 'WAIT', 'WAIT', 'WAIT', 'WAIT', 'WAIT', 'WAIT', 'WAIT', 'WAIT', 'WAIT', 'WAIT', 'WAIT', 'WAIT', 'WAIT', 'WAIT', 'WAIT', 'WAIT', 'WAIT', 'WAIT', 'UP_Z', 'UP_Y', 'UP_Y', 'UP_X', 'UP_X', 'RECHARGE', 'UP_Z', 'UP_Y', 'UP_Y', 'UP_X']","DroneState(x=3, y=4, z=2, battery=3, time_step=50)",8,4x5x3,"(0, 0, 0)","(3, 4, 2)",8,2,5,1
breadth_first,True,10.51,10,0.427360800007591,1149,1150,1150,415,10,"['UP_X', 'UP_X', 'UP_X', 'UP_Y', 'UP_Y', 'UP_Y', 'UP_Y', 'RECHARGE', 'UP_Z', 'UP_Z']","DroneState(x=3, y=4, z=2, battery=5, time_step=11)",8,4x5x3,"(0, 0, 0)","(3, 4, 2)",8,2,5,1
uniform_cost,True,10.365,10,0.805680300007225,810,811,811,555,10,"['UP_X', 'UP_Y', 'UP_Y', 'UP_X', 'UP_Z', 'RECHARGE', 'UP_Y', 'UP_Y', 'UP_X', 'UP_Z']","DroneState(x=3, y=4, z=2, battery=4, time_step=11)",8,4x5x3,"(0, 0, 0)","(3, 4, 2)",8,2,5,1
greedy,True,10.51,10,0.005946199991740286,98,99,99,37,10,"['UP_X', 'UP_X', 'UP_X', 'UP_Y', 'UP_Y', 'UP_Y', 'UP_Y', 'RECHARGE', 'UP_Z', 'UP_Z']","DroneState(x=3, y=4, z=2, battery=5, time_step=11)",8,4x5x3,"(0, 0, 0)","(3, 4, 2)",8,2,5,1
astar,True,10.51,10,0.001602199990884401,13,14,14,37,10,"['UP_X', 'UP_X', 'UP_X', 'UP_Y', 'UP_Y', 'UP_Y', 'UP_Y', 'RECHARGE', 'UP_Z', 'UP_Z']","DroneState(x=3, y=4, z=2, battery=5, time_step=11)",8,4x5x3,"(0, 0, 0)","(3, 4, 2)",8,2,5,1
depth_first,True,86.75999999999999,49,0.3048061999870697,2197,2198,2198,105,49,"['WAIT', 'WAIT', 'WAIT', 'WAIT', 'WAIT', 'WAIT', 'WAIT', 'WAIT', 'WAIT', 'WAIT', 'WAIT', 'WAIT', 'WAIT', 'WAIT', 'WAIT', 'WAIT', 'WAIT', 'WAIT', 'WAIT', 'WAIT', 'WAIT', 'WAIT', 'WAIT', 'WAIT', 'WAIT', 'WAIT', 'WAIT', 'WAIT', 'WAIT', 'WAIT', 'WAIT', 'WAIT', 'WAIT', 'WAIT', 'WAIT', 'WAIT', 'WAIT', 'UP_Y', 'UP_Z', 'UP_X', 'UP_X', 'UP_X', 'UP_Y', 'UP_X', 'RECHARGE', 'UP_Z', 'UP_Y', 'UP_Y', 'UP_Y']","DroneState(x=4, y=5, z=2, battery=1, time_step=50)",9,5x6x3,"(0, 0, 0)","(4, 5, 2)",8,2,9,1
breadth_first,True,12.615,12,0.6780326000007335,1801,1802,1802,469,12,"['UP_X', 'UP_X', 'UP_X', 'UP_X', 'UP_Y', 'UP_Z', 'UP_Y', 'RECHARGE', 'UP_Y', 'UP_Y', 'UP_Y', 'UP_Z']","DroneState(x=4, y=5, z=2, battery=2, time_step=13)",9,5x6x3,"(0, 0, 0)","(4, 5, 2)",8,2,9,1
uniform_cost,True,12.615,12,0.9127693000045838,1061,1062,1062,523,12,"['UP_X', 'UP_Z', 'UP_Y', 'UP_X', 'UP_X', 'UP_Y', 'UP_X', 'RECHARGE', 'UP_Y', 'UP_Y', 'UP_Y', 'UP_Z']","DroneState(x=4, y=5, z=2, battery=2, time_step=13)",9,5x6x3,"(0, 0, 0)","(4, 5, 2)",8,2,9,1
greedy,True,12.615,12,0.0067119000013917685,99,100,100,50,12,"['UP_X', 'UP_X', 'UP_X', 'UP_X', 'UP_Y', 'UP_Z', 'UP_Y', 'RECHARGE', 'UP_Y', 'UP_Y', 'UP_Y', 'UP_Z']","DroneState(x=4, y=5, z=2, battery=2, time_step=13)",9,5x6x3,"(0, 0, 0)","(4, 5, 2)",8,2,9,1
astar,True,12.615,12,0.0025944999943021685,15,16,16,52,12,"['UP_X', 'UP_X', 'UP_X', 'UP_X', 'UP_Y', 'UP_Z', 'UP_Y', 'RECHARGE', 'UP_Y', 'UP_Y', 'UP_Y', 'UP_Z']","DroneState(x=4, y=5, z=2, battery=2, time_step=13)",9,5x6x3,"(0, 0, 0)","(4, 5, 2)",8,2,9,1
depth_first,True,91.03999999999996,50,0.34520170000905637,1883,1884,1884,151,50,"['WAIT', 'WAIT', 'WAIT', 'WAIT', 'WAIT', 'WAIT', 'WAIT', 'WAIT', 'WAIT', 'WAIT', 'WAIT', 'WAIT', 'WAIT', 'WAIT', 'WAIT', 'WAIT', 'WAIT', 'WAIT', 'WAIT', 'WAIT', 'WAIT', 'WAIT', 'WAIT', 'WAIT', 'WAIT', 'WAIT', 'WAIT', 'WAIT', 'WAIT', 'WAIT', 'WAIT', 'WAIT', 'WAIT', 'WAIT', 'WAIT', 'WAIT', 'WAIT', 'WAIT', 'WAIT', 'WAIT', 'UP_Z', 'UP_Y', 'UP_Y', 'UP_Y', 'UP_Z', 'UP_X', 'UP_X', 'UP_X', 'UP_X', 'UP_X']","DroneState(x=5, y=3, z=2, battery=0, time_step=50)",10,6x4x3,"(0, 0, 0)","(5, 3, 2)",12,2,8,1
breadth_first,True,10.833333333333334,10,1.8058962999930372,2132,2133,2133,971,10,"['UP_X', 'UP_X', 'UP_Z', 'UP_Y', 'UP_X', 'UP_X', 'UP_X', 'UP_Y', 'UP_Y', 'UP_Z']","DroneState(x=5, y=3, z=2, battery=2, time_step=10)",10,6x4x3,"(0, 0, 0)","(5, 3, 2)",12,2,8,1
uniform_cost,True,10.833333333333334,10,4.7987408000044525,1848,1849,1849,1424,10,"['UP_X', 'UP_Z', 'UP_X', 'UP_Y', 'UP_X', 'UP_X', 'UP_Y', 'UP_Y', 'UP_X', 'UP_Z']","DroneState(x=5, y=3, z=2, battery=2, time_step=10)",10,6x4x3,"(0, 0, 0)","(5, 3, 2)",12,2,8,1
greedy,True,10.833333333333334,10,0.0016173000039998442,10,11,11,42,10,"['UP_X', 'UP_X', 'UP_Z', 'UP_Y', 'UP_X', 'UP_X', 'UP_X', 'UP_Y', 'UP_Y', 'UP_Z']","DroneState(x=5, y=3, z=2, battery=2, time_step=10)",10,6x4x3,"(0, 0, 0)","(5, 3, 2)",12,2,8,1
astar,True,10.833333333333334,10,0.0015870999923208728,10,11,11,42,10,"['UP_X', 'UP_X', 'UP_Z', 'UP_Y', 'UP_X', 'UP_X', 'UP_X', 'UP_Y', 'UP_Y', 'UP_Z']","DroneState(x=5, y=3, z=2, battery=2, time_step=10)",10,6x4x3,"(0, 0, 0)","(5, 3, 2)",12,2,8,1
depth_first,True,82.63333333333337,47,0.6269086999964202,3394,3395,3395,151,47,"['WAIT', 'WAIT', 'WAIT', 'WAIT', 'WAIT', 'WAIT', 'WAIT', 'WAIT', 'WAIT', 'WAIT', 'WAIT', 'WAIT', 'WAIT', 'WAIT', 'WAIT', 'WAIT', 'WAIT', 'WAIT', 'WAIT', 'WAIT', 'WAIT', 'WAIT', 'WAIT', 'WAIT', 'WAIT', 'WAIT', 'WAIT', 'WAIT', 'WAIT', 'WAIT', 'WAIT', 'WAIT', 'WAIT', 'WAIT', 'WAIT', 'UP_Z', 'UP_Z', 'UP_X', 'RECHARGE', 'UP_Y', 'UP_Y', 'UP_Y', 'UP_Y', 'UP_Y', 'UP_X', 'UP_X', 'UP_X']","DroneState(x=4, y=5, z=2, battery=0, time_step=50)",11,5x6x3,"(0, 0, 0)","(4, 5, 2)",9,2,10,1
breadth_first,True,12.502222222222219,12,2.801308300011442,3278,3279,3279,1023,12,"['UP_X', 'UP_Z', 'UP_Z', 'RECHARGE', 'UP_X', 'UP_X', 'UP_X', 'UP_Y', 'UP_Y', 'UP_Y', 'UP_Y', 'UP_Y']","DroneState(x=4, y=5, z=2, battery=1, time_step=15)",11,5x6x3,"(0, 0, 0)","(4, 5, 2)",9,2,10,1
uniform_cost,True,12.502222222222219,12,5.4336795000126585,2178,2179,2179,1349,12,"['UP_X', 'UP_Z', 'UP_Z', 'RECHARGE', 'UP_Y', 'UP_Y', 'UP_Y', 'UP_X', 'UP_X', 'UP_Y', 'UP_X', 'UP_Y']","DroneState(x=4, y=5, z=2, battery=1, time_step=15)",11,5x6x3,"(0, 0, 0)","(4, 5, 2)",9,2,10,1
greedy,True,71.16888888888892,44,4.685326599996188,4018,4019,4019,910,44,"['UP_X', 'UP_X', 'UP_X', 'UP_X', 'UP_Z', 'UP_Z', 'WAIT', 'WAIT', 'WAIT', 'WAIT', 'WAIT', 'WAIT', 'WAIT', 'WAIT', 'WAIT', 'WAIT', 'WAIT', 'WAIT', 'WAIT', 'WAIT', 'WAIT', 'WAIT', 'WAIT', 'WAIT', 'WAIT', 'WAIT', 'WAIT', 'WAIT', 'WAIT', 'WAIT', 'WAIT', 'WAIT', 'DOWN_X', 'DOWN_X', 'DOWN_X', 'RECHARGE', 'UP_X', 'UP_X', 'UP_X', 'UP_Y', 'UP_Y', 'UP_Y', 'UP_Y', 'UP_Y']","DroneState(x=4, y=5, z=2, battery=0, time_step=47)",11,5x6x3,"(0, 0, 0)","(4, 5, 2)",9,2,10,1
astar,True,12.502222222222219,12,0.0860848000011174,206,207,207,236,12,"['UP_X', 'UP_Z', 'UP_Z', 'RECHARGE', 'UP_X', 'UP_X', 'UP_X', 'UP_Y', 'UP_Y', 'UP_Y', 'UP_Y', 'UP_Y']","DroneState(x=4, y=5, z=2, battery=1, time_step=15)",11,5x6x3,"(0, 0, 0)","(4, 5, 2)",9,2,10,1
depth_first,True,83.39111111111114,47,0.6023798000096576,3065,3066,3066,151,47,"['WAIT', 'WAIT', 'WAIT', 'WAIT', 'WAIT', 'WAIT', 'WAIT', 'WAIT', 'WAIT', 'WAIT', 'WAIT', 'WAIT', 'WAIT', 'WAIT', 'WAIT', 'WAIT', 'WAIT', 'WAIT', 'WAIT', 'WAIT', 'WAIT', 'WAIT', 'WAIT', 'WAIT', 'WAIT', 'WAIT', 'WAIT', 'WAIT', 'WAIT', 'WAIT', 'WAIT', 'WAIT', 'WAIT', 'WAIT', 'WAIT', 'WAIT', 'UP_Z', 'RECHARGE', 'UP_Y', 'UP_Z', 'UP_Y', 'UP_Y', 'UP_X', 'UP_X', 'UP_X', 'UP_X', 'UP_Y']","DroneState(x=4, y=4, z=2, battery=0, time_step=50)",12,5x5x3,"(0, 0, 0)","(4, 4, 2)",9,2,6,1
breadth_first,True,11.653333333333332,11,3.657517999992706,3594,3595,3595,989,11,"['UP_X', 'UP_Y', 'UP_Z', 'UP_Z', 'RECHARGE', 'UP_X', 'UP_X', 'UP_X', 'UP_Y', 'UP_Y', 'UP_Y']","DroneState(x=4, y=4, z=2, battery=1, time_step=14)",12,5x5x3,"(0, 0, 0)","(4, 4, 2)",9,2,6,1
uniform_cost,True,11.39111111111111,11,9.718912900003488,2824,2825,2825,1588,11,"['UP_Z', 'UP_Y', 'UP_X', 'UP_Z', 'RECHARGE', 'UP_Y', 'UP_X', 'UP_X', 'UP_X', 'UP_Y', 'UP_Y']","DroneState(x=4, y=4, z=2, battery=3, time_step=14)",12,5x5x3,"(0, 0, 0)","(4, 4, 2)",9,2,6,1
greedy,True,58.46888888888893,38,2.0663289000076475,2227,2228,2228,659,38,"['UP_X', 'UP_Y', 'UP_X', 'UP_Z', 'UP_Y', 'UP_Z', 'WAIT', 'WAIT', 'WAIT', 'WAIT', 'WAIT', 'WAIT', 'WAIT', 'WAIT', 'WAIT', 'WAIT', 'WAIT', 'WAIT', 'WAIT', 'WAIT', 'WAIT', 'DOWN_X', 'DOWN_Y', 'RECHARGE', 'UP_X', 'WAIT', 'WAIT', 'WAIT', 'WAIT', 'WAIT', 'DOWN_X', 'RECHARGE', 'UP_X', 'UP_X', 'UP_Y', 'UP_X', 'UP_Y', 'UP_Y']","DroneState(x=4, y=4, z=2, battery=0, time_step=44)",12,5x5x3,"(0, 0, 0)","(4, 4, 2)",9,2,6,1
astar,True,11.39111111111111,11,0.05366229999344796,135,136,136,204,11,"['UP_X', 'UP_Z', 'UP_Y', 'UP_Z', 'RECHARGE', 'UP_X', 'UP_X', 'UP_Y', 'UP_X', 'UP_Y', 'UP_Y']","DroneState(x=4, y=4, z=2, battery=3, time_step=14)",12,5x5x3,"(0, 0, 0)","(4, 4, 2)",9,2,6,1
depth_first,True,91.64285714285712,50,0.08589580000261776,723,724,724,101,50,"['WAIT', 'WAIT', 'WAIT', 'WAIT', 'WAIT', 'WAIT', 'WAIT', 'WAIT', 'WAIT', 'WAIT', 'WAIT', 'WAIT', 'WAIT', 'WAIT', 'WAIT', 'WAIT', 'WAIT', 'WAIT', 'WAIT', 'WAIT', 'WAIT', 'WAIT', 'WAIT', 'WAIT', 'WAIT', 'WAIT', 'WAIT', 'WAIT', 'WAIT', 'WAIT', 'WAIT', 'WAIT', 'WAIT', 'WAIT', 'WAIT', 'WAIT', 'WAIT', 'WAIT', 'WAIT', 'WAIT', 'WAIT', 'UP_Z', 'UP_Y', 'UP_Y', 'UP_Y', 'UP_X', 'UP_Y', 'UP_X', 'UP_X', 'UP_X']","DroneState(x=4, y=4, z=1, battery=5, time_step=50)",13,5x5x2,"(0, 0, 0)","(4, 4, 1)",14,2,6,1
breadth_first,True,9.642857142857142,9,0.21539310000662226,608,609,609,386,9,"['UP_Y', 'UP_Y', 'UP_X', 'UP_X', 'UP_X', 'UP_X', 'UP_Y', 'UP_Y', 'UP_Z']","DroneState(x=4, y=4, z=1, battery=5, time_step=9)",13,5x5x2,"(0, 0, 0)","(4, 4, 1)",14,2,6,1
uniform_cost,True,9.642857142857142,9,0.5927741000050446,581,582,582,562,9,"['UP_Y', 'UP_Y', 'UP_X', 'UP_X', 'UP_X', 'UP_X', 'UP_Y', 'UP_Z', 'UP_Y']","DroneState(x=4, y=4, z=1, battery=5, time_step=9)",13,5x5x2,"(0, 0, 0)","(4, 4, 1)",14,2,6,1
greedy,True,9.642857142857142,9,0.0012166000087745488,9,10,10,33,9,"['UP_Y', 'UP_Y', 'UP_X', 'UP_X', 'UP_X', 'UP_X', 'UP_Y', 'UP_Y', 'UP_Z']","DroneState(x=4, y=4, z=1, battery=5, time_step=9)",13,5x5x2,"(0, 0, 0)","(4, 4, 1)",14,2,6,1
astar,True,9.642857142857142,9,0.0012015999964205548,9,10,10,33,9,"['UP_Y', 'UP_Y', 'UP_X', 'UP_X', 'UP_X', 'UP_X', 'UP_Y', 'UP_Y', 'UP_Z']","DroneState(x=4, y=4, z=1, battery=5, time_step=9)",13,5x5x2,"(0, 0, 0)","(4, 4, 1)",14,2,6,1
depth_first,True,92.00000000000003,50,0.13515909999841824,766,767,767,151,50,"['WAIT', 'WAIT', 'WAIT', 'WAIT', 'WAIT', 'WAIT', 'WAIT', 'WAIT', 'WAIT', 'WAIT', 'WAIT', 'WAIT', 'WAIT', 'WAIT', 'WAIT', 'WAIT', 'WAIT', 'WAIT', 'WAIT', 'WAIT', 'WAIT', 'WAIT', 'WAIT', 'WAIT', 'WAIT', 'WAIT', 'WAIT', 'WAIT', 'WAIT', 'WAIT', 'WAIT', 'WAIT', 'WAIT', 'WAIT', 'WAIT', 'WAIT', 'WAIT', 'WAIT', 'WAIT', 'WAIT', 'WAIT', 'UP_Z', 'UP_Y', 'UP_X', 'UP_X', 'UP_Y', 'UP_Y', 'UP_Y', 'UP_Y', 'UP_X']","DroneState(x=3, y=5, z=1, battery=0, time_step=50)",14,4x6x2,"(0, 0, 0)","(3, 5, 1)",9,2,4,1
breadth_first,True,9.999999999999998,9,0.19311759999254718,729,730,730,236,9,"['UP_X', 'UP_X', 'UP_Y', 'UP_Y', 'UP_Y', 'UP_Y', 'UP_X', 'UP_Y', 'UP_Z']","DroneState(x=3, y=5, z=1, battery=0, time_step=9)",14,4x6x2,"(0, 0, 0)","(3, 5, 1)",9,2,4,1
uniform_cost,True,9.999999999999998,9,0.2632716999942204,465,466,466,278,9,"['UP_X', 'UP_Y', 'UP_Y', 'UP_Y', 'UP_Y', 'UP_X', 'UP_X', 'UP_Z', 'UP_Y']","DroneState(x=3, y=5, z=1, battery=0, time_step=9)",14,4x6x2,"(0, 0, 0)","(3, 5, 1)",9,2,4,1
greedy,True,84.61333333333336,48,0.024684899995918386,174,175,175,113,48,"['UP_X', 'UP_X', 'UP_X', 'UP_Y', 'UP_Y', 'UP_Y', 'UP_Y', 'WAIT', 'WAIT', 'WAIT', 'WAIT', 'WAIT', 'WAIT', 'WAIT', 'WAIT', 'WAIT', 'WAIT', 'WAIT', 'WAIT', 'WAIT', 'WAIT', 'WAIT', 'WAIT', 'WAIT', 'WAIT', 'WAIT', 'WAIT', 'WAIT', 'WAIT', 'WAIT', 'WAIT', 'WAIT', 'WAIT', 'WAIT', 'WAIT', 'WAIT', 'WAIT', 'WAIT', 'WAIT', 'WAIT', 'WAIT', 'WAIT', 'WAIT', 'DOWN_X', 'RECHARGE', 'UP_X', 'UP_Y', 'UP_Z']","DroneState(x=3, y=5, z=1, battery=5, time_step=50)",14,4x6x2,"(0, 0, 0)","(3, 5, 1)",9,2,4,1
astar,True,12.613333333333332,12,0.004426500003319234,28,29,29,65,12,"['UP_X', 'UP_X', 'UP_X', 'UP_Y', 'UP_Y', 'UP_Y', 'UP_Y', 'DOWN_X', 'RECHARGE', 'UP_X', 'UP_Y', 'UP_Z']","DroneState(x=3, y=5, z=1, battery=5, time_step=14)",14,4x6x2,"(0, 0, 0)","(3, 5, 1)",9,2,4,1
depth_first,True,93.875,50,0.022419700006139465,297,298,298,58,50,"['WAIT', 'WAIT', 'WAIT', 'WAIT', 'WAIT', 'WAIT', 'WAIT', 'WAIT', 'WAIT', 'WAIT', 'WAIT', 'WAIT', 'WAIT', 'WAIT', 'WAIT', 'WAIT', 'WAIT', 'WAIT', 'WAIT', 'WAIT', 'WAIT', 'WAIT', 'WAIT', 'WAIT', 'WAIT', 'WAIT', 'WAIT', 'WAIT', 'WAIT', 'WAIT', 'WAIT', 'WAIT', 'WAIT', 'WAIT', 'WAIT', 'WAIT', 'WAIT', 'WAIT', 'WAIT', 'WAIT', 'WAIT', 'WAIT', 'WAIT', 'UP_Y', 'UP_Z', 'UP_Y', 'UP_Y', 'UP_X', 'UP_X', 'UP_X']","DroneState(x=3, y=3, z=1, battery=1, time_step=50)",15,4x4x2,"(0, 0, 0)","(3, 3, 1)",8,2,2,1
breadth_first,True,7.875,7,0.051435499990475364,250,251,251,177,7,"['UP_Y', 'UP_X', 'UP_X', 'UP_X', 'UP_Y', 'UP_Y', 'UP_Z']","DroneState(x=3, y=3, z=1, battery=1, time_step=7)",15,4x4x2,"(0, 0, 0)","(3, 3, 1)",8,2,2,1
uniform_cost,True,7.875,7,0.1214754999964498,248,249,249,262,7,"['UP_Y', 'UP_X', 'UP_Z', 'UP_X', 'UP_Y', 'UP_X', 'UP_Y']","DroneState(x=3, y=3, z=1, battery=1, time_step=7)",15,4x4x2,"(0, 0, 0)","(3, 3, 1)",8,2,2,1
greedy,True,7.875,7,0.000945099993259646,7,8,8,27,7,"['UP_Y', 'UP_X', 'UP_X', 'UP_X', 'UP_Y', 'UP_Y', 'UP_Z']","DroneState(x=3, y=3, z=1, battery=1, time_step=7)",15,4x4x2,"(0, 0, 0)","(3, 3, 1)",8,2,2,1
astar,True,7.875,7,0.0009085999918170273,7,8,8,27,7,"['UP_Y', 'UP_X', 'UP_X', 'UP_X', 'UP_Y', 'UP_Y', 'UP_Z']","DroneState(x=3, y=3, z=1, battery=1, time_step=7)",15,4x4x2,"(0, 0, 0)","(3, 3, 1)",8,2,2,1
depth_first,True,91.03999999999996,50,0.3018187999987276,2072,2073,2073,108,50,"['WAIT', 'WAIT', 'WAIT', 'WAIT', 'WAIT', 'WAIT', 'WAIT', 'WAIT', 'WAIT', 'WAIT', 'WAIT', 'WAIT', 'WAIT', 'WAIT', 'WAIT', 'WAIT', 'WAIT', 'WAIT', 'WAIT', 'WAIT', 'WAIT', 'WAIT', 'WAIT', 'WAIT', 'WAIT', 'WAIT', 'WAIT', 'WAIT', 'WAIT', 'WAIT', 'WAIT', 'WAIT', 'WAIT', 'WAIT', 'WAIT', 'WAIT', 'WAIT', 'WAIT', 'WAIT', 'WAIT', 'UP_Y', 'UP_Z', 'UP_Z', 'UP_Y', 'UP_Y', 'UP_X', 'UP_X', 'UP_Y', 'UP_X', 'UP_X']","DroneState(x=4, y=4, z=2, battery=0, time_step=50)",16,5x5x3,"(0, 0, 0)","(4, 4, 2)",12,2,7,1
breadth_first,True,10.936666666666667,10,3.3031172000046354,3013,3014,3014,1078,10,"['UP_X', 'UP_Y', 'UP_X', 'UP_X', 'UP_X', 'UP_Y', 'UP_Y', 'UP_Y', 'UP_Z', 'UP_Z']","DroneState(x=4, y=4, z=2, battery=1, time_step=10)",16,5x5x3,"(0, 0, 0)","(4, 4, 2)",12,2,7,1
uniform_cost,True,10.833333333333334,10,13.168248300004052,3124,3125,3125,2088,10,"['UP_Y', 'UP_Y', 'UP_Y', 'UP_X', 'UP_X', 'UP_X', 'UP_Y', 'UP_X', 'UP_Z', 'UP_Z']","DroneState(x=4, y=4, z=2, battery=2, time_step=10)",16,5x5x3,"(0, 0, 0)","(4, 4, 2)",12,2,7,1
greedy,True,10.936666666666667,10,0.0015333999908762053,10,11,11,37,10,"['UP_X', 'UP_Y', 'UP_X', 'UP_X', 'UP_X', 'UP_Y', 'UP_Y', 'UP_Y', 'UP_Z', 'UP_Z']","DroneState(x=4, y=4, z=2, battery=1, time_step=10)",16,5x5x3,"(0, 0, 0)","(4, 4, 2)",12,2,7,1
astar,True,10.936666666666667,10,0.0017340000049443915,10,11,11,42,10,"['UP_X', 'UP_Y', 'UP_X', 'UP_X', 'UP_X', 'UP_Z', 'UP_Y', 'UP_Y', 'UP_Z', 'UP_Y']","DroneState(x=4, y=4, z=2, battery=1, time_step=10)",16,5x5x3,"(0, 0, 0)","(4, 4, 2)",12,2,7,1
depth_first,True,90.01999999999995,50,0.28618640000058804,2090,2091,2091,101,50,"['WAIT', 'WAIT', 'WAIT', 'WAIT', 'WAIT', 'WAIT', 'WAIT', 'WAIT', 'WAIT', 'WAIT', 'WAIT', 'WAIT', 'WAIT', 'WAIT', 'WAIT', 'WAIT', 'WAIT', 'WAIT', 'WAIT', 'WAIT', 'WAIT', 'WAIT', 'WAIT', 'WAIT', 'WAIT', 'WAIT', 'WAIT', 'WAIT', 'WAIT', 'WAIT', 'WAIT', 'WAIT', 'WAIT', 'WAIT', 'WAIT', 'WAIT', 'WAIT', 'WAIT', 'WAIT', 'UP_Z', 'UP_Z', 'UP_Y', 'UP_Y', 'UP_Y', 'UP_X', 'UP_Y', 'UP_X', 'UP_X', 'UP_X', 'UP_X']","DroneState(x=5, y=4, z=2, battery=0, time_step=50)",17,6x5x3,"(0, 0, 0)","(5, 4, 2)",12,2,14,1
breadth_first,True,11.916666666666668,11,1.68949989999237,2302,2303,2303,852,11,"['UP_Y', 'UP_X', 'UP_Y', 'UP_Y', 'UP_X', 'UP_Y', 'UP_X', 'UP_X', 'UP_X', 'UP_Z', 'UP_Z']","DroneState(x=5, y=4, z=2, battery=1, time_step=11)",17,6x5x3,"(0, 0, 0)","(5, 4, 2)",12,2,14,1
uniform_cost,True,11.916666666666668,11,3.7162152999953832,1735,1736,1736,1213,11,"['UP_Y', 'UP_X', 'UP_Z', 'UP_X', 'UP_Y', 'UP_X', 'UP_Y', 'UP_Z', 'UP_X', 'UP_Y', 'UP_X']","DroneState(x=5, y=4, z=2, battery=1, time_step=11)",17,6x5x3,"(0, 0, 0)","(5, 4, 2)",12,2,14,1
greedy,True,11.916666666666668,11,0.0015108999941730872,11,12,12,38,11,"['UP_Y', 'UP_X', 'UP_Y', 'UP_Y', 'UP_X', 'UP_Y', 'UP_X', 'UP_X', 'UP_X', 'UP_Z', 'UP_Z']","DroneState(x=5, y=4, z=2, battery=1, time_step=11)",17,6x5x3,"(0, 0, 0)","(5, 4, 2)",12,2,14,1
astar,True,11.916666666666668,11,0.0015167000092333183,11,12,12,38,11,"['UP_Y', 'UP_X', 'UP_Y', 'UP_Y', 'UP_X', 'UP_Y', 'UP_X', 'UP_X', 'UP_X', 'UP_Z', 'UP_Z']","DroneState(x=5, y=4, z=2, battery=1, time_step=11)",17,6x5x3,"(0, 0, 0)","(5, 4, 2)",12,2,14,1
depth_first,True,92.71230769230772,50,0.09585639998840634,782,783,783,101,50,"['WAIT', 'WAIT', 'WAIT', 'WAIT', 'WAIT', 'WAIT', 'WAIT', 'WAIT', 'WAIT', 'WAIT', 'WAIT', 'WAIT', 'WAIT', 'WAIT', 'WAIT', 'WAIT', 'WAIT', 'WAIT', 'WAIT', 'WAIT', 'WAIT', 'WAIT', 'WAIT', 'WAIT', 'WAIT', 'WAIT', 'WAIT', 'WAIT', 'WAIT', 'WAIT', 'WAIT', 'WAIT', 'WAIT', 'WAIT', 'WAIT', 'WAIT', 'WAIT', 'WAIT', 'WAIT', 'WAIT', 'WAIT', 'WAIT', 'UP_Z', 'UP_Z', 'UP_Y', 'UP_Y', 'UP_Y', 'UP_X', 'UP_X', 'UP_X']","DroneState(x=3, y=3, z=2, battery=4, time_step=50)",18,4x4x3,"(0, 0, 0)","(3, 3, 2)",13,2,5,1
breadth_first,True,8.615384615384615,8,0.20587689999956638,567,568,568,361,8,"['UP_Y', 'UP_X', 'UP_X', 'UP_X', 'UP_Y', 'UP_Y', 'UP_Z', 'UP_Z']","DroneState(x=3, y=3, z=2, battery=5, time_step=8)",18,4x4x3,"(0, 0, 0)","(3, 3, 2)",13,2,5,1
uniform_cost,True,8.615384615384615,8,0.3817823999997927,463,464,464,434,8,"['UP_Y', 'UP_X', 'UP_Z', 'UP_X', 'UP_X', 'UP_Y', 'UP_Z', 'UP_Y']","DroneState(x=3, y=3, z=2, battery=5, time_step=8)",18,4x4x3,"(0, 0, 0)","(3, 3, 2)",13,2,5,1
greedy,True,8.615384615384615,8,0.0010981000086758286,8,9,9,31,8,"['UP_Y', 'UP_X', 'UP_X', 'UP_X', 'UP_Y', 'UP_Y', 'UP_Z', 'UP_Z']","DroneState(x=3, y=3, z=2, battery=5, time_step=8)",18,4x4x3,"(0, 0, 0)","(3, 3, 2)",13,2,5,1
astar,True,8.615384615384615,8,0.001115499995648861,8,9,9,31,8,"['UP_Y', 'UP_X', 'UP_X', 'UP_X', 'UP_Y', 'UP_Y', 'UP_Z', 'UP_Z']","DroneState(x=3, y=3, z=2, battery=5, time_step=8)",18,4x4x3,"(0, 0, 0)","(3, 3, 2)",13,2,5,1
depth_first,True,91.81818181818184,50,0.13516390000586398,827,828,828,151,50,"['WAIT', 'WAIT', 'WAIT', 'WAIT', 'WAIT', 'WAIT', 'WAIT', 'WAIT', 'WAIT', 'WAIT', 'WAIT', 'WAIT', 'WAIT', 'WAIT', 'WAIT', 'WAIT', 'WAIT', 'WAIT', 'WAIT', 'WAIT', 'WAIT', 'WAIT', 'WAIT', 'WAIT', 'WAIT', 'WAIT', 'WAIT', 'WAIT', 'WAIT', 'WAIT', 'WAIT', 'WAIT', 'WAIT', 'WAIT', 'WAIT', 'WAIT', 'WAIT', 'WAIT', 'WAIT', 'WAIT', 'WAIT', 'UP_Z', 'UP_Y', 'UP_Y', 'UP_X', 'UP_X', 'UP_X', 'UP_Y', 'UP_X', 'UP_X']","DroneState(x=5, y=3, z=1, battery=2, time_step=50)",19,6x4x2,"(0, 0, 0)","(5, 3, 1)",11,2,5,1
breadth_first,True,9.818181818181817,9,0.27302949999284465,749,750,750,400,9,"['UP_X', 'UP_X', 'UP_X', 'UP_X', 'UP_X', 'UP_Y', 'UP_Y', 'UP_Y', 'UP_Z']","DroneState(x=5, y=3, z=1, battery=2, time_step=9)",19,6x4x2,"(0, 0, 0)","(5, 3, 1)",11,2,5,1
uniform_cost,True,9.818181818181817,9,0.9145758999948157,777,778,778,679,9,"['UP_X', 'UP_X', 'UP_X', 'UP_X', 'UP_X', 'UP_Y', 'UP_Y', 'UP_Z', 'UP_Y']","DroneState(x=5, y=3, z=1, battery=2, time_step=9)",19,6x4x2,"(0, 0, 0)","(5, 3, 1)",11,2,5,1
greedy,True,9.818181818181817,9,0.0011559999984456226,9,10,10,30,9,"['UP_X', 'UP_X', 'UP_X', 'UP_X', 'UP_X', 'UP_Y', 'UP_Y', 'UP_Y', 'UP_Z']","DroneState(x=5, y=3, z=1, battery=2, time_step=9)",19,6x4x2,"(0, 0, 0)","(5, 3, 1)",11,2,5,1
astar,True,9.818181818181817,9,0.0011412000021664426,9,10,10,30,9,"['UP_X', 'UP_X', 'UP_X', 'UP_X', 'UP_X', 'UP_Y', 'UP_Y', 'UP_Y', 'UP_Z']","DroneState(x=5, y=3, z=1, battery=2, time_step=9)",19,6x4x2,"(0, 0, 0)","(5, 3, 1)",11,2,5,1
depth_first,True,84.78,48,0.3326450000022305,1917,1918,1918,151,48,"['WAIT', 'WAIT', 'WAIT', 'WAIT', 'WAIT', 'WAIT', 'WAIT', 'WAIT', 'WAIT', 'WAIT', 'WAIT', 'WAIT', 'WAIT', 'WAIT', 'WAIT', 'WAIT', 'WAIT', 'WAIT', 'WAIT', 'WAIT', 'WAIT', 'WAIT', 'WAIT', 'WAIT', 'WAIT', 'WAIT', 'WAIT', 'WAIT', 'WAIT', 'WAIT', 'WAIT', 'WAIT', 'WAIT', 'WAIT', 'WAIT', 'WAIT', 'UP_Z', 'UP_Y', 'UP_Y', 'UP_Y', 'UP_Y', 'UP_Y', 'RECHARGE', 'UP_X', 'UP_X', 'UP_X', 'UP_X', 'UP_X']","DroneState(x=5, y=5, z=1, battery=0, time_step=50)",20,6x6x2,"(0, 0, 0)","(5, 5, 1)",8,2,7,1
breadth_first,True,12.78,12,0.5754128999979002,1719,1720,1720,424,12,"['UP_Y', 'UP_Z', 'UP_Y', 'UP_Y', 'UP_Y', 'UP_Y', 'RECHARGE', 'UP_X', 'UP_X', 'UP_X', 'UP_X', 'UP_X']","DroneState(x=5, y=5, z=1, battery=0, time_step=14)",20,6x6x2,"(0, 0, 0)","(5, 5, 1)",8,2,7,1
uniform_cost,True,12.78,12,0.7765694999980042,970,971,971,504,12,"['UP_Z', 'UP_Y', 'UP_Y', 'UP_Y', 'UP_Y', 'UP_Y', 'RECHARGE', 'UP_X', 'UP_X', 'UP_X', 'UP_X', 'UP_X']","DroneState(x=5, y=5, z=1, battery=0, time_step=14)",20,6x6x2,"(0, 0, 0)","(5, 5, 1)",8,2,7,1
greedy,True,69.53999999999999,43,2.9081984000076773,3697,3698,3698,561,43,"['UP_X', 'UP_X', 'UP_Y', 'UP_Y', 'UP_Y', 'UP_Y', 'WAIT', 'WAIT', 'WAIT', 'WAIT', 'WAIT', 'WAIT', 'WAIT', 'WAIT', 'WAIT', 'WAIT', 'WAIT', 'WAIT', 'WAIT', 'WAIT', 'WAIT', 'WAIT', 'WAIT', 'WAIT', 'WAIT', 'WAIT', 'WAIT', 'WAIT', 'WAIT', 'WAIT', 'WAIT', 'WAIT', 'DOWN_X', 'DOWN_X', 'RECHARGE', 'UP_Z', 'UP_Y', 'RECHARGE', 'UP_X', 'UP_X', 'UP_X', 'UP_X', 'UP_X']","DroneState(x=5, y=5, z=1, battery=0, time_step=47)",20,6x6x2,"(0, 0, 0)","(5, 5, 1)",8,2,7,1
astar,True,15.29,15,0.05073380000249017,155,156,156,187,15,"['UP_X', 'UP_Y', 'UP_Y', 'UP_Y', 'UP_Y', 'UP_Z', 'UP_Y', 'DOWN_X', 'RECHARGE', 'RECHARGE', 'UP_X', 'UP_X', 'UP_X', 'UP_X', 'UP_X']","DroneState(x=5, y=5, z=1, battery=2, time_step=19)",20,6x6x2,"(0, 0, 0)","(5, 5, 1)",8,2,7,1
depth_first,True,91.64285714285712,50,0.2113919999974314,1164,1165,1165,151,50,"['WAIT', 'WAIT', 'WAIT', 'WAIT', 'WAIT', 'WAIT', 'WAIT', 'WAIT', 'WAIT', 'WAIT', 'WAIT', 'WAIT', 'WAIT', 'WAIT', 'WAIT', 'WAIT', 'WAIT', 'WAIT', 'WAIT', 'WAIT', 'WAIT', 'WAIT', 'WAIT', 'WAIT', 'WAIT', 'WAIT', 'WAIT', 'WAIT', 'WAIT', 'WAIT', 'WAIT', 'WAIT', 'WAIT', 'WAIT', 'WAIT', 'WAIT', 'WAIT', 'WAIT', 'WAIT', 'WAIT', 'WAIT', 'UP_Z', 'UP_Z', 'UP_Y', 'UP_Y', 'UP_Y', 'UP_X', 'UP_Y', 'UP_X', 'UP_X']","DroneState(x=3, y=4, z=2, battery=5, time_step=50)",21,4x5x3,"(0, 0, 0)","(3, 4, 2)",14,2,7,1
breadth_first,True,9.642857142857142,9,0.5068814999976894,962,963,963,555,9,"['UP_X', 'UP_X', 'UP_X', 'UP_Z', 'UP_Y', 'UP_Z', 'UP_Y', 'UP_Y', 'UP_Y']","DroneState(x=3, y=4, z=2, battery=5, time_step=9)",21,4x5x3,"(0, 0, 0)","(3, 4, 2)",14,2,7,1
uniform_cost,True,9.642857142857142,9,1.0524091000115732,792,793,793,699,9,"['UP_X', 'UP_Z', 'UP_Y', 'UP_Y', 'UP_Z', 'UP_Y', 'UP_Y', 'UP_X', 'UP_X']","DroneState(x=3, y=4, z=2, battery=5, time_step=9)",21,4x5x3,"(0, 0, 0)","(3, 4, 2)",14,2,7,1
greedy,True,9.642857142857142,9,0.0011288999958196655,9,10,10,29,9,"['UP_X', 'UP_X', 'UP_X', 'UP_Z', 'UP_Y', 'UP_Z', 'UP_Y', 'UP_Y', 'UP_Y']","DroneState(x=3, y=4, z=2, battery=5, time_step=9)",21,4x5x3,"(0, 0, 0)","(3, 4, 2)",14,2,7,1
astar,True,9.642857142857142,9,0.0010954000026686117,9,10,10,29,9,"['UP_X', 'UP_X', 'UP_X', 'UP_Z', 'UP_Y', 'UP_Z', 'UP_Y', 'UP_Y', 'UP_Y']","DroneState(x=3, y=4, z=2, battery=5, time_step=9)",21,4x5x3,"(0, 0, 0)","(3, 4, 2)",14,2,7,1
depth_first,True,93.5833333333333,50,0.05622140000923537,357,358,358,151,50,"['WAIT', 'WAIT', 'WAIT', 'WAIT', 'WAIT', 'WAIT', 'WAIT', 'WAIT', 'WAIT', 'WAIT', 'WAIT', 'WAIT', 'WAIT', 'WAIT', 'WAIT', 'WAIT', 'WAIT', 'WAIT', 'WAIT', 'WAIT', 'WAIT', 'WAIT', 'WAIT', 'WAIT', 'WAIT', 'WAIT', 'WAIT', 'WAIT', 'WAIT', 'WAIT', 'WAIT', 'WAIT', 'WAIT', 'WAIT', 'WAIT', 'WAIT', 'WAIT', 'WAIT', 'WAIT', 'WAIT', 'WAIT', 'WAIT', 'WAIT', 'UP_Z', 'UP_Y', 'UP_Y', 'UP_X', 'UP_X', 'UP_X', 'UP_Y']","DroneState(x=3, y=3, z=1, battery=5, time_step=50)",22,4x4x2,"(0, 0, 0)","(3, 3, 1)",12,2,4,1
breadth_first,True,7.583333333333332,7,0.056329099999857135,273,274,274,184,7,"['UP_X', 'UP_X', 'UP_X', 'UP_Y', 'UP_Y', 'UP_Y', 'UP_Z']","DroneState(x=3, y=3, z=1, battery=5, time_step=7)",22,4x4x2,"(0, 0, 0)","(3, 3, 1)",12,2,4,1
uniform_cost,True,7.583333333333332,7,0.07752930000424385,205,206,206,191,7,"['UP_X', 'UP_Y', 'UP_X', 'UP_X', 'UP_Y', 'UP_Z', 'UP_Y']","DroneState(x=3, y=3, z=1, battery=5, time_step=7)",22,4x4x2,"(0, 0, 0)","(3, 3, 1)",12,2,4,1
greedy,True,7.583333333333332,7,0.000995199996395968,7,8,8,26,7,"['UP_X', 'UP_X', 'UP_X', 'UP_Y', 'UP_Y', 'UP_Y', 'UP_Z']","DroneState(x=3, y=3, z=1, battery=5, time_step=7)",22,4x4x2,"(0, 0, 0)","(3, 3, 1)",12,2,4,1
astar,True,7.583333333333332,7,0.0008964999869931489,7,8,8,26,7,"['UP_X', 'UP_X', 'UP_X', 'UP_Y', 'UP_Y', 'UP_Y', 'UP_Z']","DroneState(x=3, y=3, z=1, battery=5, time_step=7)",22,4x4x2,"(0, 0, 0)","(3, 3, 1)",12,2,4,1
depth_first,True,92.91999999999996,50,0.10758450000139419,690,691,691,151,50,"['WAIT', 'WAIT', 'WAIT', 'WAIT', 'WAIT', 'WAIT', 'WAIT', 'WAIT', 'WAIT', 'WAIT', 'WAIT', 'WAIT', 'WAIT', 'WAIT', 'WAIT', 'WAIT', 'WAIT', 'WAIT', 'WAIT', 'WAIT', 'WAIT', 'WAIT', 'WAIT', 'WAIT', 'WAIT', 'WAIT', 'WAIT', 'WAIT', 'WAIT', 'WAIT', 'WAIT', 'WAIT', 'WAIT', 'WAIT', 'WAIT', 'WAIT', 'WAIT', 'WAIT', 'WAIT', 'WAIT', 'WAIT', 'WAIT', 'UP_Z', 'UP_Y', 'UP_Y', 'UP_X', 'UP_X', 'UP_X', 'UP_Y', 'UP_X']","DroneState(x=4, y=3, z=1, battery=1, time_step=50)",23,5x4x2,"(0, 0, 0)","(4, 3, 1)",10,2,5,1
breadth_first,True,8.92,8,0.15172389999497682,537,538,538,302,8,"['UP_X', 'UP_X', 'UP_X', 'UP_X', 'UP_Z', 'UP_Y', 'UP_Y', 'UP_Y']","DroneState(x=4, y=3, z=1, battery=1, time_step=8)",23,5x4x2,"(0, 0, 0)","(4, 3, 1)",10,2,5,1
uniform_cost,True,8.799999999999999,8,0.37982499999634456,484,485,485,439,8,"['UP_X', 'UP_Y', 'UP_Y', 'UP_Y', 'UP_X', 'UP_X', 'UP_X', 'UP_Z']","DroneState(x=4, y=3, z=1, battery=2, time_step=8)",23,5x4x2,"(0, 0, 0)","(4, 3, 1)",10,2,5,1
greedy,True,8.92,8,0.000993399997241795,8,9,9,25,8,"['UP_X', 'UP_X', 'UP_X', 'UP_X', 'UP_Z', 'UP_Y', 'UP_Y', 'UP_Y']","DroneState(x=4, y=3, z=1, battery=1, time_step=8)",23,5x4x2,"(0, 0, 0)","(4, 3, 1)",10,2,5,1
astar,True,8.92,8,0.0009219000057782978,8,9,9,25,8,"['UP_X', 'UP_X', 'UP_X', 'UP_X', 'UP_Z', 'UP_Y', 'UP_Y', 'UP_Y']","DroneState(x=4, y=3, z=1, battery=1, time_step=8)",23,5x4x2,"(0, 0, 0)","(4, 3, 1)",10,2,5,1
depth_first,True,90.90909090909093,50,0.1520124999951804,937,938,938,151,50,"['WAIT', 'WAIT', 'WAIT', 'WAIT', 'WAIT', 'WAIT', 'WAIT', 'WAIT', 'WAIT', 'WAIT', 'WAIT', 'WAIT', 'WAIT', 'WAIT', 'WAIT', 'WAIT', 'WAIT', 'WAIT', 'WAIT', 'WAIT', 'WAIT', 'WAIT', 'WAIT', 'WAIT', 'WAIT', 'WAIT', 'WAIT', 'WAIT', 'WAIT', 'WAIT', 'WAIT', 'WAIT', 'WAIT', 'WAIT', 'WAIT', 'WAIT', 'WAIT', 'WAIT', 'WAIT', 'WAIT', 'UP_Z', 'UP_Y', 'UP_Y', 'UP_Y', 'UP_Y', 'UP_X', 'UP_X', 'UP_X', 'UP_X', 'UP_X']","DroneState(x=5, y=4, z=1, battery=1, time_step=50)",24,6x5x2,"(0, 0, 0)","(5, 4, 1)",11,2,5,1
breadth_first,True,10.909090909090907,10,0.2713577999966219,785,786,786,371,10,"['UP_X', 'UP_X', 'UP_X', 'UP_X', 'UP_X', 'UP_Y', 'UP_Y', 'UP_Y', 'UP_Y', 'UP_Z']","DroneState(x=5, y=4, z=1, battery=1, time_step=10)",24,6x5x2,"(0, 0, 0)","(5, 4, 1)",11,2,5,1
uniform_cost,True,10.909090909090907,10,0.5022943999938434,610,611,611,442,10,"['UP_X', 'UP_Y', 'UP_Y', 'UP_X', 'UP_X', 'UP_Y', 'UP_X', 'UP_Y', 'UP_Z', 'UP_X']","DroneState(x=5, y=4, z=1, battery=1, time_step=10)",24,6x5x2,"(0, 0, 0)","(5, 4, 1)",11,2,5,1
greedy,True,10.909090909090907,10,0.0014269999956013635,10,11,11,37,10,"['UP_X', 'UP_X', 'UP_X', 'UP_X', 'UP_X', 'UP_Y', 'UP_Y', 'UP_Y', 'UP_Y', 'UP_Z']","DroneState(x=5, y=4, z=1, battery=1, time_step=10)",24,6x5x2,"(0, 0, 0)","(5, 4, 1)",11,2,5,1
astar,True,10.909090909090907,10,0.0014869000006001443,10,11,11,37,10,"['UP_X', 'UP_X', 'UP_X', 'UP_X', 'UP_X', 'UP_Y', 'UP_Y', 'UP_Y', 'UP_Y', 'UP_Z']","DroneState(x=5, y=4, z=1, battery=1, time_step=10)",24,6x5x2,"(0, 0, 0)","(5, 4, 1)",11,2,5,1
depth_first,True,93.02000000000002,50,0.07074610001291148,466,467,467,151,50,"['WAIT', 'WAIT', 'WAIT', 'WAIT', 'WAIT', 'WAIT', 'WAIT', 'WAIT', 'WAIT', 'WAIT', 'WAIT', 'WAIT', 'WAIT', 'WAIT', 'WAIT', 'WAIT', 'WAIT', 'WAIT', 'WAIT', 'WAIT', 'WAIT', 'WAIT', 'WAIT', 'WAIT', 'WAIT', 'WAIT', 'WAIT', 'WAIT', 'WAIT', 'WAIT', 'WAIT', 'WAIT', 'WAIT', 'WAIT', 'WAIT', 'WAIT', 'WAIT', 'WAIT', 'WAIT', 'WAIT', 'WAIT', 'WAIT', 'UP_Z', 'UP_X', 'UP_Y', 'UP_Y', 'UP_X', 'UP_X', 'UP_X', 'UP_Y']","DroneState(x=4, y=3, z=1, battery=0, time_step=50)",25,5x4x2,"(0, 0, 0)","(4, 3, 1)",9,2,6,1
breadth_first,True,9.02,8,0.12446920000365935,461,462,462,280,8,"['UP_X', 'UP_X', 'UP_X', 'UP_X', 'UP_Y', 'UP_Z', 'UP_Y', 'UP_Y']","DroneState(x=4, y=3, z=1, battery=0, time_step=8)",25,5x4x2,"(0, 0, 0)","(4, 3, 1)",9,2,6,1
uniform_cost,True,9.02,8,0.5018218000041088,588,589,589,485,8,"['UP_X', 'UP_Z', 'UP_Y', 'UP_X', 'UP_X', 'UP_Y', 'UP_X', 'UP_Y']","DroneState(x=4, y=3, z=1, battery=0, time_step=8)",25,5x4x2,"(0, 0, 0)","(4, 3, 1)",9,2,6,1
greedy,True,9.02,8,0.0011804999958258122,8,9,9,28,8,"['UP_X', 'UP_X', 'UP_X', 'UP_X', 'UP_Y', 'UP_Z', 'UP_Y', 'UP_Y']","DroneState(x=4, y=3, z=1, battery=0, time_step=8)",25,5x4x2,"(0, 0, 0)","(4, 3, 1)",9,2,6,1
astar,True,9.02,8,0.001030900006298907,8,9,9,28,8,"['UP_X', 'UP_X', 'UP_X', 'UP_X', 'UP_Y', 'UP_Z', 'UP_Y', 'UP_Y']","DroneState(x=4, y=3, z=1, battery=0, time_step=8)",25,5x4x2,"(0, 0, 0)","(4, 3, 1)",9,2,6,1
depth_first,True,91.7342857142857,50,0.18183699999644887,1100,1101,1101,151,50,"['WAIT', 'WAIT', 'WAIT', 'WAIT', 'WAIT', 'WAIT', 'WAIT', 'WAIT', 'WAIT', 'WAIT', 'WAIT', 'WAIT', 'WAIT', 'WAIT', 'WAIT', 'WAIT', 'WAIT', 'WAIT', 'WAIT', 'WAIT', 'WAIT', 'WAIT', 'WAIT', 'WAIT', 'WAIT', 'WAIT', 'WAIT', 'WAIT', 'WAIT', 'WAIT', 'WAIT', 'WAIT', 'WAIT', 'WAIT', 'WAIT', 'WAIT', 'WAIT', 'WAIT', 'WAIT', 'WAIT', 'WAIT', 'UP_Y', 'UP_X', 'UP_Z', 'UP_Y', 'UP_X', 'UP_X', 'UP_X', 'UP_Y', 'UP_X']","DroneState(x=5, y=3, z=1, battery=4, time_step=50)",26,6x4x2,"(0, 0, 0)","(5, 3, 1)",14,2,5,1
breadth_first,True,9.642857142857142,9,0.30134190000535455,803,804,804,379,9,"['UP_X', 'UP_X', 'UP_X', 'UP_X', 'UP_X', 'UP_Y', 'UP_Y', 'UP_Y', 'UP_Z']","DroneState(x=5, y=3, z=1, battery=5, time_step=9)",26,6x4x2,"(0, 0, 0)","(5, 3, 1)",14,2,5,1
uniform_cost,True,9.642857142857142,9,0.5137797000061255,615,616,616,447,9,"['UP_X', 'UP_Y', 'UP_Y', 'UP_X', 'UP_X', 'UP_Z', 'UP_X', 'UP_Y', 'UP_X']","DroneState(x=5, y=3, z=1, battery=5, time_step=9)",26,6x4x2,"(0, 0, 0)","(5, 3, 1)",14,2,5,1
greedy,True,9.642857142857142,9,0.0011904999992111698,9,10,10,32,9,"['UP_X', 'UP_X', 'UP_X', 'UP_X', 'UP_X', 'UP_Y', 'UP_Y', 'UP_Y', 'UP_Z']","DroneState(x=5, y=3, z=1, battery=5, time_step=9)",26,6x4x2,"(0, 0, 0)","(5, 3, 1)",14,2,5,1
astar,True,9.642857142857142,9,0.0012324000126682222,9,10,10,32,9,"['UP_X', 'UP_X', 'UP_X', 'UP_X', 'UP_X', 'UP_Y', 'UP_Y', 'UP_Y', 'UP_Z']","DroneState(x=5, y=3, z=1, battery=5, time_step=9)",26,6x4x2,"(0, 0, 0)","(5, 3, 1)",14,2,5,1
depth_first,True,89.91666666666661,50,0.4030650000058813,2259,2260,2260,151,50,"['WAIT', 'WAIT', 'WAIT', 'WAIT', 'WAIT', 'WAIT', 'WAIT', 'WAIT', 'WAIT', 'WAIT', 'WAIT', 'WAIT', 'WAIT', 'WAIT', 'WAIT', 'WAIT', 'WAIT', 'WAIT', 'WAIT', 'WAIT', 'WAIT', 'WAIT', 'WAIT', 'WAIT', 'WAIT', 'WAIT', 'WAIT', 'WAIT', 'WAIT', 'WAIT', 'WAIT', 'WAIT', 'WAIT', 'WAIT', 'WAIT', 'WAIT', 'WAIT', 'WAIT', 'WAIT', 'UP_Z', 'UP_Z', 'UP_Y', 'UP_Y', 'UP_X', 'UP_X', 'UP_Y', 'UP_X', 'UP_X', 'UP_X', 'UP_Y']","DroneState(x=5, y=4, z=2, battery=1, time_step=50)",27,6x5x3,"(0, 0, 0)","(5, 4, 2)",12,2,14,1
breadth_first,True,11.916666666666668,11,1.3781944999936968,2101,2102,2102,759,11,"['UP_X', 'UP_X', 'UP_X', 'UP_X', 'UP_X', 'UP_Y', 'UP_Y', 'UP_Y', 'UP_Y', 'UP_Z', 'UP_Z']","DroneState(x=5, y=4, z=2, battery=1, time_step=11)",27,6x5x3,"(0, 0, 0)","(5, 4, 2)",12,2,14,1
uniform_cost,True,11.916666666666668,11,3.1676050999958534,1659,1660,1660,1123,11,"['UP_X', 'UP_Y', 'UP_Z', 'UP_X', 'UP_X', 'UP_X', 'UP_Y', 'UP_Z', 'UP_Y', 'UP_X', 'UP_Y']","DroneState(x=5, y=4, z=2, battery=1, time_step=11)",27,6x5x3,"(0, 0, 0)","(5, 4, 2)",12,2,14,1
greedy,True,11.916666666666668,11,0.0014351999998325482,11,12,12,36,11,"['UP_X', 'UP_X', 'UP_X', 'UP_X', 'UP_X', 'UP_Y', 'UP_Y', 'UP_Y', 'UP_Y', 'UP_Z', 'UP_Z']","DroneState(x=5, y=4, z=2, battery=1, time_step=11)",27,6x5x3,"(0, 0, 0)","(5, 4, 2)",12,2,14,1
astar,True,11.916666666666668,11,0.0014353000005939975,11,12,12,36,11,"['UP_X', 'UP_X', 'UP_X', 'UP_X', 'UP_X', 'UP_Y', 'UP_Y', 'UP_Y', 'UP_Y', 'UP_Z', 'UP_Z']","DroneState(x=5, y=4, z=2, battery=1, time_step=11)",27,6x5x3,"(0, 0, 0)","(5, 4, 2)",12,2,14,1
depth_first,True,91.8533333333333,50,0.09314569999696687,733,734,734,101,50,"['WAIT', 'WAIT', 'WAIT', 'WAIT', 'WAIT', 'WAIT', 'WAIT', 'WAIT', 'WAIT', 'WAIT', 'WAIT', 'WAIT', 'WAIT', 'WAIT', 'WAIT', 'WAIT', 'WAIT', 'WAIT', 'WAIT', 'WAIT', 'WAIT', 'WAIT', 'WAIT', 'WAIT', 'WAIT', 'WAIT', 'WAIT', 'WAIT', 'WAIT', 'WAIT', 'WAIT', 'WAIT', 'WAIT', 'WAIT', 'WAIT', 'WAIT', 'WAIT', 'WAIT', 'WAIT', 'WAIT', 'WAIT', 'UP_Z', 'UP_Y', 'UP_Y', 'UP_Y', 'UP_X', 'UP_Y', 'UP_Y', 'UP_X', 'UP_X']","DroneState(x=3, y=5, z=1, battery=2, time_step=50)",28,4x6x2,"(0, 0, 0)","(3, 5, 1)",12,2,5,1
breadth_first,True,9.75,9,0.21474850000231527,622,623,623,373,9,"['UP_Y', 'UP_X', 'UP_X', 'UP_X', 'UP_Y', 'UP_Y', 'UP_Y', 'UP_Z', 'UP_Y']","DroneState(x=3, y=5, z=1, battery=3, time_step=9)",28,4x6x2,"(0, 0, 0)","(3, 5, 1)",12,2,5,1
uniform_cost,True,9.75,9,0.3593395000061719,470,471,471,429,9,"['UP_Y', 'UP_X', 'UP_X', 'UP_X', 'UP_Y', 'UP_Y', 'UP_Y', 'UP_Z', 'UP_Y']","DroneState(x=3, y=5, z=1, battery=3, time_step=9)",28,4x6x2,"(0, 0, 0)","(3, 5, 1)",12,2,5,1
greedy,True,9.75,9,0.0012676000042119995,9,10,10,33,9,"['UP_Y', 'UP_X', 'UP_X', 'UP_X', 'UP_Y', 'UP_Y', 'UP_Y', 'UP_Z', 'UP_Y']","DroneState(x=3, y=5, z=1, battery=3, time_step=9)",28,4x6x2,"(0, 0, 0)","(3, 5, 1)",12,2,5,1
astar,True,9.75,9,0.0012315999920247123,9,10,10,33,9,"['UP_Y', 'UP_X', 'UP_X', 'UP_X', 'UP_Y', 'UP_Y', 'UP_Y', 'UP_Z', 'UP_Y']","DroneState(x=3, y=5, z=1, battery=3, time_step=9)",28,4x6x2,"(0, 0, 0)","(3, 5, 1)",12,2,5,1
depth_first,True,90.86615384615388,50,0.14146549999713898,1497,1498,1498,56,50,"['WAIT', 'WAIT', 'WAIT', 'WAIT', 'WAIT', 'WAIT', 'WAIT', 'WAIT', 'WAIT', 'WAIT', 'WAIT', 'WAIT', 'WAIT', 'WAIT', 'WAIT', 'WAIT', 'WAIT', 'WAIT', 'WAIT', 'WAIT', 'WAIT', 'WAIT', 'WAIT', 'WAIT', 'WAIT', 'WAIT', 'WAIT', 'WAIT', 'WAIT', 'WAIT', 'WAIT', 'WAIT', 'WAIT', 'WAIT', 'WAIT', 'WAIT', 'WAIT', 'WAIT', 'WAIT', 'WAIT', 'UP_Z', 'UP_Z', 'UP_Y', 'UP_Y', 'UP_Y', 'UP_X', 'UP_X', 'UP_X', 'UP_X', 'UP_X']","DroneState(x=5, y=3, z=2, battery=2, time_step=50)",29,6x4x3,"(0, 0, 0)","(5, 3, 2)",13,2,9,1
breadth_first,True,10.866153846153846,10,0.9867511999909766,1425,1426,1426,719,10,"['UP_Z', 'UP_X', 'UP_X', 'UP_Y', 'UP_X', 'UP_X', 'UP_Y', 'UP_X', 'UP_Y', 'UP_Z']","DroneState(x=5, y=3, z=2, battery=2, time_step=10)",29,6x4x3,"(0, 0, 0)","(5, 3, 2)",13,2,9,1
uniform_cost,True,10.769230769230768,10,2.910646500007715,1296,1297,1297,1150,10,"['UP_Z', 'UP_Y', 'UP_Y', 'UP_Y', 'UP_X', 'UP_Z', 'UP_X', 'UP_X', 'UP_X', 'UP_X']","DroneState(x=5, y=3, z=2, battery=3, time_step=10)",29,6x4x3,"(0, 0, 0)","(5, 3, 2)",13,2,9,1
greedy,True,10.866153846153846,10,0.0015675000031478703,10,11,11,41,10,"['UP_Z', 'UP_X', 'UP_X', 'UP_Y', 'UP_X', 'UP_X', 'UP_Y', 'UP_X', 'UP_Y', 'UP_Z']","DroneState(x=5, y=3, z=2, battery=2, time_step=10)",29,6x4x3,"(0, 0, 0)","(5, 3, 2)",13,2,9,1
astar,True,10.866153846153846,10,0.0015678000054322183,10,11,11,41,10,"['UP_Z', 'UP_X', 'UP_X', 'UP_Y', 'UP_X', 'UP_X', 'UP_Y', 'UP_X', 'UP_Y', 'UP_Z']","DroneState(x=5, y=3, z=2, battery=2, time_step=10)",29,6x4x3,"(0, 0, 0)","(5, 3, 2)",13,2,9,1
depth_first,True,90.99999999999994,50,0.15971750000608154,982,983,983,151,50,"['WAIT', 'WAIT', 'WAIT', 'WAIT', 'WAIT', 'WAIT', 'WAIT', 'WAIT', 'WAIT', 'WAIT', 'WAIT', 'WAIT', 'WAIT', 'WAIT', 'WAIT', 'WAIT', 'WAIT', 'WAIT', 'WAIT', 'WAIT', 'WAIT', 'WAIT', 'WAIT', 'WAIT', 'WAIT', 'WAIT', 'WAIT', 'WAIT', 'WAIT', 'WAIT', 'WAIT', 'WAIT', 'WAIT', 'WAIT', 'WAIT', 'WAIT', 'WAIT', 'WAIT', 'WAIT', 'WAIT', 'UP_Z', 'UP_Y', 'UP_Y', 'UP_Y', 'UP_Y', 'UP_X', 'UP_X', 'UP_X', 'UP_X', 'UP_X']","DroneState(x=5, y=4, z=1, battery=0, time_step=50)",30,6x5x2,"(0, 0, 0)","(5, 4, 1)",10,2,7,1
breadth_first,True,10.999999999999998,10,0.6049074000038672,1240,1241,1241,564,10,"['UP_X', 'UP_X', 'UP_X', 'UP_X', 'UP_X', 'UP_Y', 'UP_Y', 'UP_Y', 'UP_Y', 'UP_Z']","DroneState(x=5, y=4, z=1, battery=0, time_step=10)",30,6x5x2,"(0, 0, 0)","(5, 4, 1)",10,2,7,1
uniform_cost,True,10.999999999999998,10,2.508304400005727,1409,1410,1410,1015,10,"['UP_X', 'UP_Y', 'UP_X', 'UP_Y', 'UP_X', 'UP_Y', 'UP_Z', 'UP_Y', 'UP_X', 'UP_X']","DroneState(x=5, y=4, z=1, battery=0, time_step=10)",30,6x5x2,"(0, 0, 0)","(5, 4, 1)",10,2,7,1
greedy,True,10.999999999999998,10,0.001317600006586872,10,11,11,34,10,"['UP_X', 'UP_X', 'UP_X', 'UP_X', 'UP_X', 'UP_Y', 'UP_Y', 'UP_Y', 'UP_Y', 'UP_Z']","DroneState(x=5, y=4, z=1, battery=0, time_step=10)",30,6x5x2,"(0, 0, 0)","(5, 4, 1)",10,2,7,1
astar,True,10.999999999999998,10,0.0013252000062493607,10,11,11,34,10,"['UP_X', 'UP_X', 'UP_X', 'UP_X', 'UP_X', 'UP_Y', 'UP_Y', 'UP_Y', 'UP_Y', 'UP_Z']","DroneState(x=5, y=4, z=1, battery=0, time_step=10)",30,6x5x2,"(0, 0, 0)","(5, 4, 1)",10,2,7,1
depth_first,True,92.76999999999997,50,0.072206400000141,621,622,622,101,50,"['WAIT', 'WAIT', 'WAIT', 'WAIT', 'WAIT', 'WAIT', 'WAIT', 'WAIT', 'WAIT', 'WAIT', 'WAIT', 'WAIT', 'WAIT', 'WAIT', 'WAIT', 'WAIT', 'WAIT', 'WAIT', 'WAIT', 'WAIT', 'WAIT', 'WAIT', 'WAIT', 'WAIT', 'WAIT', 'WAIT', 'WAIT', 'WAIT', 'WAIT', 'WAIT', 'WAIT', 'WAIT', 'WAIT', 'WAIT', 'WAIT', 'WAIT', 'WAIT', 'WAIT', 'WAIT', 'WAIT', 'WAIT', 'WAIT', 'UP_Z', 'UP_X', 'UP_Y', 'UP_Y', 'UP_Y', 'UP_Y', 'UP_X', 'UP_X']","DroneState(x=3, y=4, z=1, battery=3, time_step=50)",31,4x5x2,"(0, 0, 0)","(3, 4, 1)",12,2,5,1
breadth_first,True,8.666666666666666,8,0.1620046000025468,510,511,511,329,8,"['UP_Y', 'UP_X', 'UP_X', 'UP_X', 'UP_Y', 'UP_Y', 'UP_Y', 'UP_Z']","DroneState(x=3, y=4, z=1, battery=4, time_step=8)",31,4x5x2,"(0, 0, 0)","(3, 4, 1)",12,2,5,1
uniform_cost,True,8.666666666666666,8,0.36119199999666307,459,460,460,441,8,"['UP_Y', 'UP_X', 'UP_Y', 'UP_X', 'UP_Y', 'UP_X', 'UP_Y', 'UP_Z']","DroneState(x=3, y=4, z=1, battery=4, time_step=8)",31,4x5x2,"(0, 0, 0)","(3, 4, 1)",12,2,5,1
greedy,True,8.666666666666666,8,0.0010097000049427152,8,9,9,28,8,"['UP_Y', 'UP_X', 'UP_X', 'UP_X', 'UP_Y', 'UP_Y', 'UP_Y', 'UP_Z']","DroneState(x=3, y=4, z=1, battery=4, time_step=8)",31,4x5x2,"(0, 0, 0)","(3, 4, 1)",12,2,5,1
astar,True,8.666666666666666,8,0.0010177000076510012,8,9,9,28,8,"['UP_Y', 'UP_X', 'UP_X', 'UP_X', 'UP_Y', 'UP_Y', 'UP_Y', 'UP_Z']","DroneState(x=3, y=4, z=1, battery=4, time_step=8)",31,4x5x2,"(0, 0, 0)","(3, 4, 1)",12,2,5,1
depth_first,True,93.90888888888891,50,0.03524689999176189,322,323,323,101,50,"['WAIT', 'WAIT', 'WAIT', 'WAIT', 'WAIT', 'WAIT', 'WAIT', 'WAIT', 'WAIT', 'WAIT', 'WAIT', 'WAIT', 'WAIT', 'WAIT', 'WAIT', 'WAIT', 'WAIT', 'WAIT', 'WAIT', 'WAIT', 'WAIT', 'WAIT', 'WAIT', 'WAIT', 'WAIT', 'WAIT', 'WAIT', 'WAIT', 'WAIT', 'WAIT', 'WAIT', 'WAIT', 'WAIT', 'WAIT', 'WAIT', 'WAIT', 'WAIT', 'WAIT', 'WAIT', 'WAIT', 'WAIT', 'WAIT', 'WAIT', 'UP_Z', 'UP_Y', 'UP_Y', 'UP_Y', 'UP_X', 'UP_X', 'UP_X']","DroneState(x=3, y=3, z=1, battery=1, time_step=50)",32,4x4x2,"(0, 0, 0)","(3, 3, 1)",9,2,3,1
breadth_first,True,7.908888888888889,7,0.062452800004393794,280,281,281,210,7,"['UP_Y', 'UP_X', 'UP_X', 'UP_X', 'UP_Y', 'UP_Y', 'UP_Z']","DroneState(x=3, y=3, z=1, battery=1, time_step=7)",32,4x4x2,"(0, 0, 0)","(3, 3, 1)",9,2,3,1
uniform_cost,True,7.777777777777777,7,0.17296080000232905,303,304,304,320,7,"['UP_Y', 'UP_X', 'UP_Y', 'UP_Y', 'UP_X', 'UP_Z', 'UP_X']","DroneState(x=3, y=3, z=1, battery=2, time_step=7)",32,4x4x2,"(0, 0, 0)","(3, 3, 1)",9,2,3,1
greedy,True,7.908888888888889,7,0.0008897000079741701,7,8,8,26,7,"['UP_Y', 'UP_X', 'UP_X', 'UP_X', 'UP_Y', 'UP_Y', 'UP_Z']","DroneState(x=3, y=3, z=1, battery=1, time_step=7)",32,4x4x2,"(0, 0, 0)","(3, 3, 1)",9,2,3,1
astar,True,7.777777777777777,7,0.0009301999962190166,7,8,8,25,7,"['UP_Y', 'UP_X', 'UP_X', 'UP_Y', 'UP_X', 'UP_Y', 'UP_Z']","DroneState(x=3, y=3, z=1, battery=2, time_step=7)",32,4x4x2,"(0, 0, 0)","(3, 3, 1)",9,2,3,1
depth_first,True,91.64285714285712,50,0.1224818999908166,740,741,741,151,50,"['WAIT', 'WAIT', 'WAIT', 'WAIT', 'WAIT', 'WAIT', 'WAIT', 'WAIT', 'WAIT', 'WAIT', 'WAIT', 'WAIT', 'WAIT', 'WAIT', 'WAIT', 'WAIT', 'WAIT', 'WAIT', 'WAIT', 'WAIT', 'WAIT', 'WAIT', 'WAIT', 'WAIT', 'WAIT', 'WAIT', 'WAIT', 'WAIT', 'WAIT', 'WAIT', 'WAIT', 'WAIT', 'WAIT', 'WAIT', 'WAIT', 'WAIT', 'WAIT', 'WAIT', 'WAIT', 'WAIT', 'WAIT', 'UP_Z', 'UP_Y', 'UP_Y', 'UP_X', 'UP_X', 'UP_X', 'UP_X', 'UP_Y', 'UP_X']","DroneState(x=5, y=3, z=1, battery=5, time_step=50)",33,6x4x2,"(0, 0, 0)","(5, 3, 1)",14,2,6,1
breadth_first,True,9.642857142857142,9,0.17869770000106655,645,646,646,285,9,"['UP_X', 'UP_X', 'UP_X', 'UP_Y', 'UP_Y', 'UP_X', 'UP_X', 'UP_Y', 'UP_Z']","DroneState(x=5, y=3, z=1, battery=5, time_step=9)",33,6x4x2,"(0, 0, 0)","(5, 3, 1)",14,2,6,1
uniform_cost,True,9.642857142857142,9,0.21600179999950342,416,417,417,275,9,"['UP_X', 'UP_X', 'UP_X', 'UP_Y', 'UP_Y', 'UP_X', 'UP_Z', 'UP_Y', 'UP_X']","DroneState(x=5, y=3, z=1, battery=5, time_step=9)",33,6x4x2,"(0, 0, 0)","(5, 3, 1)",14,2,6,1
greedy,True,19.734285714285715,14,0.0015554000128759071,14,15,15,34,14,"['UP_X', 'UP_X', 'UP_X', 'UP_X', 'UP_X', 'UP_Z', 'UP_Y', 'WAIT', 'WAIT', 'WAIT', 'WAIT', 'WAIT', 'UP_Y', 'UP_Y']","DroneState(x=5, y=3, z=1, battery=4, time_step=14)",33,6x4x2,"(0, 0, 0)","(5, 3, 1)",14,2,6,1
astar,True,9.642857142857142,9,0.00202460000582505,15,16,16,41,9,"['UP_X', 'UP_X', 'UP_X', 'UP_Z', 'UP_Y', 'UP_Y', 'UP_X', 'UP_Y', 'UP_X']","DroneState(x=5, y=3, z=1, battery=5, time_step=9)",33,6x4x2,"(0, 0, 0)","(5, 3, 1)",14,2,6,1
depth_first,True,90.90909090909093,50,0.12566860001243185,1005,1006,1006,101,50,"['WAIT', 'WAIT', 'WAIT', 'WAIT', 'WAIT', 'WAIT', 'WAIT', 'WAIT', 'WAIT', 'WAIT', 'WAIT', 'WAIT', 'WAIT', 'WAIT', 'WAIT', 'WAIT', 'WAIT', 'WAIT', 'WAIT', 'WAIT', 'WAIT', 'WAIT', 'WAIT', 'WAIT', 'WAIT', 'WAIT', 'WAIT', 'WAIT', 'WAIT', 'WAIT', 'WAIT', 'WAIT', 'WAIT', 'WAIT', 'WAIT', 'WAIT', 'WAIT', 'WAIT', 'WAIT', 'WAIT', 'UP_Z', 'UP_Y', 'UP_X', 'UP_Y', 'UP_Y', 'UP_Y', 'UP_X', 'UP_X', 'UP_X', 'UP_X']","DroneState(x=5, y=4, z=1, battery=1, time_step=50)",34,6x5x2,"(0, 0, 0)","(5, 4, 1)",11,2,8,1
breadth_first,True,10.909090909090907,10,0.3874160999985179,1032,1033,1033,410,10,"['UP_X', 'UP_Y', 'UP_Y', 'UP_Y', 'UP_X', 'UP_X', 'UP_X', 'UP_X', 'UP_Z', 'UP_Y']","DroneState(x=5, y=4, z=1, battery=1, time_step=10)",34,6x5x2,"(0, 0, 0)","(5, 4, 1)",11,2,8,1
uniform_cost,True,10.909090909090907,10,0.6646578999934718,685,686,686,543,10,"['UP_X', 'UP_Z', 'UP_X', 'UP_X', 'UP_X', 'UP_X', 'UP_Y', 'UP_Y', 'UP_Y', 'UP_Y']","DroneState(x=5, y=4, z=1, battery=1, time_step=10)",34,6x5x2,"(0, 0, 0)","(5, 4, 1)",11,2,8,1
greedy,True,10.909090909090907,10,0.0014258000010158867,10,11,11,38,10,"['UP_X', 'UP_Y', 'UP_Y', 'UP_Y', 'UP_X', 'UP_X', 'UP_X', 'UP_X', 'UP_Z', 'UP_Y']","DroneState(x=5, y=4, z=1, battery=1, time_step=10)",34,6x5x2,"(0, 0, 0)","(5, 4, 1)",11,2,8,1
astar,True,10.909090909090907,10,0.0014547000027960166,10,11,11,38,10,"['UP_X', 'UP_Y', 'UP_Y', 'UP_Y', 'UP_X', 'UP_X', 'UP_X', 'UP_X', 'UP_Z', 'UP_Y']","DroneState(x=5, y=4, z=1, battery=1, time_step=10)",34,6x5x2,"(0, 0, 0)","(5, 4, 1)",11,2,8,1
depth_first,True,90.7142857142857,50,0.1357910999940941,1081,1082,1082,101,50,"['WAIT', 'WAIT', 'WAIT', 'WAIT', 'WAIT', 'WAIT', 'WAIT', 'WAIT', 'WAIT', 'WAIT', 'WAIT', 'WAIT', 'WAIT', 'WAIT', 'WAIT', 'WAIT', 'WAIT', 'WAIT', 'WAIT', 'WAIT', 'WAIT', 'WAIT', 'WAIT', 'WAIT', 'WAIT', 'WAIT', 'WAIT', 'WAIT', 'WAIT', 'WAIT', 'WAIT', 'WAIT', 'WAIT', 'WAIT', 'WAIT', 'WAIT', 'WAIT', 'WAIT', 'WAIT', 'WAIT', 'UP_Z', 'UP_Y', 'UP_Y', 'UP_X', 'UP_X', 'UP_Y', 'UP_Y', 'UP_X', 'UP_X', 'UP_X']","DroneState(x=5, y=4, z=1, battery=4, time_step=50)",35,6x5x2,"(0, 0, 0)","(5, 4, 1)",14,2,8,1
breadth_first,True,10.714285714285714,10,0.2914255000068806,820,821,821,400,10,"['UP_Y', 'UP_X', 'UP_X', 'UP_X', 'UP_X', 'UP_X', 'UP_Y', 'UP_Z', 'UP_Y', 'UP_Y']","DroneState(x=5, y=4, z=1, battery=4, time_step=10)",35,6x5x2,"(0, 0, 0)","(5, 4, 1)",14,2,8,1
uniform_cost,True,10.714285714285714,10,0.523237599991262,621,622,622,458,10,"['UP_Y', 'UP_X', 'UP_X', 'UP_X', 'UP_Y', 'UP_X', 'UP_Z', 'UP_Y', 'UP_X', 'UP_Y']","DroneState(x=5, y=4, z=1, battery=4, time_step=10)",35,6x5x2,"(0, 0, 0)","(5, 4, 1)",14,2,8,1
greedy,True,10.714285714285714,10,0.0016130000003613532,10,11,11,40,10,"['UP_Y', 'UP_X', 'UP_X', 'UP_X', 'UP_X', 'UP_X', 'UP_Y', 'UP_Z', 'UP_Y', 'UP_Y']","DroneState(x=5, y=4, z=1, battery=4, time_step=10)",35,6x5x2,"(0, 0, 0)","(5, 4, 1)",14,2,8,1
astar,True,10.714285714285714,10,0.0015506000054301694,10,11,11,40,10,"['UP_Y', 'UP_X', 'UP_X', 'UP_X', 'UP_X', 'UP_X', 'UP_Y', 'UP_Z', 'UP_Y', 'UP_Y']","DroneState(x=5, y=4, z=1, battery=4, time_step=10)",35,6x5x2,"(0, 0, 0)","(5, 4, 1)",14,2,8,1
depth_first,True,92.72727272727275,50,0.05630569999630097,389,390,390,99,50,"['WAIT', 'WAIT', 'WAIT', 'WAIT', 'WAIT', 'WAIT', 'WAIT', 'WAIT', 'WAIT', 'WAIT', 'WAIT', 'WAIT', 'WAIT', 'WAIT', 'WAIT', 'WAIT', 'WAIT', 'WAIT', 'WAIT', 'WAIT', 'WAIT', 'WAIT', 'WAIT', 'WAIT', 'WAIT', 'WAIT', 'WAIT', 'WAIT', 'WAIT', 'WAIT', 'WAIT', 'WAIT', 'WAIT', 'WAIT', 'WAIT', 'WAIT', 'WAIT', 'WAIT', 'WAIT', 'WAIT', 'WAIT', 'WAIT', 'UP_Y', 'UP_Z', 'UP_Y', 'UP_Y', 'UP_X', 'UP_X', 'UP_X', 'UP_X']","DroneState(x=4, y=3, z=1, battery=3, time_step=50)",36,5x4x2,"(0, 0, 0)","(4, 3, 1)",11,2,6,1
breadth_first,True,8.727272727272727,8,0.08210569999937434,327,328,328,206,8,"['UP_X', 'UP_Y', 'UP_X', 'UP_X', 'UP_X', 'UP_Y', 'UP_Y', 'UP_Z']","DroneState(x=4, y=3, z=1, battery=3, time_step=8)",36,5x4x2,"(0, 0, 0)","(4, 3, 1)",11,2,6,1
uniform_cost,True,8.727272727272727,8,0.08276680001290515,226,227,227,202,8,"['UP_Y', 'UP_Z', 'UP_Y', 'UP_X', 'UP_X', 'UP_X', 'UP_Y', 'UP_X']","DroneState(x=4, y=3, z=1, battery=3, time_step=8)",36,5x4x2,"(0, 0, 0)","(4, 3, 1)",11,2,6,1
greedy,True,8.727272727272727,8,0.001044100004946813,8,9,9,29,8,"['UP_X', 'UP_Y', 'UP_X', 'UP_X', 'UP_X', 'UP_Y', 'UP_Y', 'UP_Z']","DroneState(x=4, y=3, z=1, battery=3, time_step=8)",36,5x4x2,"(0, 0, 0)","(4, 3, 1)",11,2,6,1
astar,True,8.727272727272727,8,0.0010572999890428036,8,9,9,29,8,"['UP_X', 'UP_Y', 'UP_X', 'UP_X', 'UP_X', 'UP_Y', 'UP_Y', 'UP_Z']","DroneState(x=4, y=3, z=1, battery=3, time_step=8)",36,5x4x2,"(0, 0, 0)","(4, 3, 1)",11,2,6,1
depth_first,True,89.91666666666661,50,0.22156469999754336,1336,1337,1337,151,50,"['WAIT', 'WAIT', 'WAIT', 'WAIT', 'WAIT', 'WAIT', 'WAIT', 'WAIT', 'WAIT', 'WAIT', 'WAIT', 'WAIT', 'WAIT', 'WAIT', 'WAIT', 'WAIT', 'WAIT', 'WAIT', 'WAIT', 'WAIT', 'WAIT', 'WAIT', 'WAIT', 'WAIT', 'WAIT', 'WAIT', 'WAIT', 'WAIT', 'WAIT', 'WAIT', 'WAIT', 'WAIT', 'WAIT', 'WAIT', 'WAIT', 'WAIT', 'WAIT', 'WAIT', 'WAIT', 'UP_Z', 'UP_Y', 'UP_X', 'UP_Y', 'UP_Y', 'UP_X', 'UP_X', 'UP_X', 'UP_X', 'UP_Y', 'UP_Y']","DroneState(x=5, y=5, z=1, battery=1, time_step=50)",37,6x6x2,"(0, 0, 0)","(5, 5, 1)",12,2,11,1
breadth_first,True,11.916666666666668,11,0.5196418999985326,1218,1219,1219,487,11,"['UP_X', 'UP_X', 'UP_X', 'UP_Y', 'UP_X', 'UP_X', 'UP_Y', 'UP_Z', 'UP_Y', 'UP_Y', 'UP_Y']","DroneState(x=5, y=5, z=1, battery=1, time_step=11)",37,6x6x2,"(0, 0, 0)","(5, 5, 1)",12,2,11,1
uniform_cost,True,11.916666666666668,11,0.8639548999926774,844,845,845,594,11,"['UP_X', 'UP_X', 'UP_Y', 'UP_X', 'UP_Y', 'UP_Y', 'UP_X', 'UP_Z', 'UP_X', 'UP_Y', 'UP_Y']","DroneState(x=5, y=5, z=1, battery=1, time_step=11)",37,6x6x2,"(0, 0, 0)","(5, 5, 1)",12,2,11,1
greedy,True,11.916666666666668,11,0.00144160000490956,11,12,12,36,11,"['UP_X', 'UP_X', 'UP_X', 'UP_Y', 'UP_X', 'UP_X', 'UP_Y', 'UP_Z', 'UP_Y', 'UP_Y', 'UP_Y']","DroneState(x=5, y=5, z=1, battery=1, time_step=11)",37,6x6x2,"(0, 0, 0)","(5, 5, 1)",12,2,11,1
astar,True,11.916666666666668,11,0.0014601000002585351,11,12,12,36,11,"['UP_X', 'UP_X', 'UP_X', 'UP_Y', 'UP_X', 'UP_X', 'UP_Y', 'UP_Z', 'UP_Y', 'UP_Y', 'UP_Y']","DroneState(x=5, y=5, z=1, battery=1, time_step=11)",37,6x6x2,"(0, 0, 0)","(5, 5, 1)",12,2,11,1
depth_first,True,89.91666666666661,50,0.41583680000621825,2185,2186,2186,151,50,"['WAIT', 'WAIT', 'WAIT', 'WAIT', 'WAIT', 'WAIT', 'WAIT', 'WAIT', 'WAIT', 'WAIT', 'WAIT', 'WAIT', 'WAIT', 'WAIT', 'WAIT', 'WAIT', 'WAIT', 'WAIT', 'WAIT', 'WAIT', 'WAIT', 'WAIT', 'WAIT', 'WAIT', 'WAIT', 'WAIT', 'WAIT', 'WAIT', 'WAIT', 'WAIT', 'WAIT', 'WAIT', 'WAIT', 'WAIT', 'WAIT', 'WAIT', 'WAIT', 'WAIT', 'WAIT', 'UP_Z', 'UP_Z', 'UP_Y', 'UP_Y', 'UP_Y', 'UP_X', 'UP_Y', 'UP_X', 'UP_X', 'UP_X', 'UP_X']","DroneState(x=5, y=4, z=2, battery=1, time_step=50)",38,6x5x3,"(0, 0, 0)","(5, 4, 2)",12,2,12,1
breadth_first,True,12.020000000000001,11,2.407920599987847,2610,2611,2611,1003,11,"['UP_X', 'UP_X', 'UP_Y', 'UP_Y', 'UP_X', 'UP_X', 'UP_X', 'UP_Y', 'UP_Y', 'UP_Z', 'UP_Z']","DroneState(x=5, y=4, z=2, battery=0, time_step=11)",38,6x5x3,"(0, 0, 0)","(5, 4, 2)",12,2,12,1
uniform_cost,True,11.916666666666668,11,4.619650699998601,1863,1864,1864,1312,11,"['UP_X', 'UP_Y', 'UP_X', 'UP_Y', 'UP_X', 'UP_X', 'UP_Y', 'UP_Z', 'UP_Y', 'UP_Z', 'UP_X']","DroneState(x=5, y=4, z=2, battery=1, time_step=11)",38,6x5x3,"(0, 0, 0)","(5, 4, 2)",12,2,12,1
greedy,True,12.020000000000001,11,0.0017577999969944358,11,12,12,43,11,"['UP_X', 'UP_X', 'UP_Y', 'UP_Y', 'UP_X', 'UP_X', 'UP_X', 'UP_Y', 'UP_Y', 'UP_Z', 'UP_Z']","DroneState(x=5, y=4, z=2, battery=0, time_step=11)",38,6x5x3,"(0, 0, 0)","(5, 4, 2)",12,2,12,1
astar,True,12.020000000000001,11,0.001756600002408959,11,12,12,44,11,"['UP_X', 'UP_X', 'UP_Y', 'UP_Y', 'UP_X', 'UP_X', 'UP_X', 'UP_Y', 'UP_Z', 'UP_Y', 'UP_Z']","DroneState(x=5, y=4, z=2, battery=0, time_step=11)",38,6x5x3,"(0, 0, 0)","(5, 4, 2)",12,2,12,1
depth_first,True,91.74999999999996,50,0.15370029999758117,1118,1119,1119,104,50,"['WAIT', 'WAIT', 'WAIT', 'WAIT', 'WAIT', 'WAIT', 'WAIT', 'WAIT', 'WAIT', 'WAIT', 'WAIT', 'WAIT', 'WAIT', 'WAIT', 'WAIT', 'WAIT', 'WAIT', 'WAIT', 'WAIT', 'WAIT', 'WAIT', 'WAIT', 'WAIT', 'WAIT', 'WAIT', 'WAIT', 'WAIT', 'WAIT', 'WAIT', 'WAIT', 'WAIT', 'WAIT', 'WAIT', 'WAIT', 'WAIT', 'WAIT', 'WAIT', 'WAIT', 'WAIT', 'WAIT', 'WAIT', 'UP_Z', 'UP_Z', 'UP_Y', 'UP_Y', 'UP_Y', 'UP_Y', 'UP_X', 'UP_X', 'UP_X']","DroneState(x=3, y=4, z=2, battery=3, time_step=50)",39,4x5x3,"(0, 0, 0)","(3, 4, 2)",12,2,4,1
breadth_first,True,9.75,9,0.8078453000052832,1233,1234,1234,700,9,"['UP_Y', 'UP_X', 'UP_X', 'UP_X', 'UP_Y', 'UP_Y', 'UP_Y', 'UP_Z', 'UP_Z']","DroneState(x=3, y=4, z=2, battery=3, time_step=9)",39,4x5x3,"(0, 0, 0)","(3, 4, 2)",12,2,4,1
uniform_cost,True,9.75,9,2.9989148000022396,1369,1370,1370,1133,9,"['UP_Y', 'UP_X', 'UP_Y', 'UP_Y', 'UP_X', 'UP_X', 'UP_Z', 'UP_Z', 'UP_Y']","DroneState(x=3, y=4, z=2, battery=3, time_step=9)",39,4x5x3,"(0, 0, 0)","(3, 4, 2)",12,2,4,1
greedy,True,9.75,9,0.0013085999962640926,9,10,10,35,9,"['UP_Y', 'UP_X', 'UP_X', 'UP_X', 'UP_Y', 'UP_Y', 'UP_Y', 'UP_Z', 'UP_Z']","DroneState(x=3, y=4, z=2, battery=3, time_step=9)",39,4x5x3,"(0, 0, 0)","(3, 4, 2)",12,2,4,1
astar,True,9.75,9,0.0012873999949079007,9,10,10,35,9,"['UP_Y', 'UP_X', 'UP_X', 'UP_X', 'UP_Y', 'UP_Y', 'UP_Y', 'UP_Z', 'UP_Z']","DroneState(x=3, y=4, z=2, battery=3, time_step=9)",39,4x5x3,"(0, 0, 0)","(3, 4, 2)",12,2,4,1
depth_first,True,87.35111111111114,49,0.3869516999984626,2139,2140,2140,151,49,"['WAIT', 'WAIT', 'WAIT', 'WAIT', 'WAIT', 'WAIT', 'WAIT', 'WAIT', 'WAIT', 'WAIT', 'WAIT', 'WAIT', 'WAIT', 'WAIT', 'WAIT', 'WAIT', 'WAIT', 'WAIT', 'WAIT', 'WAIT', 'WAIT', 'WAIT', 'WAIT', 'WAIT', 'WAIT', 'WAIT', 'WAIT', 'WAIT', 'WAIT', 'WAIT', 'WAIT', 'WAIT', 'WAIT', 'WAIT', 'WAIT', 'WAIT', 'WAIT', 'WAIT', 'UP_Z', 'UP_X', 'UP_X', 'RECHARGE', 'UP_Y', 'UP_Y', 'UP_Y', 'UP_Y', 'UP_Y', 'UP_X', 'UP_X']","DroneState(x=4, y=5, z=1, battery=2, time_step=50)",40,5x6x2,"(0, 0, 0)","(4, 5, 1)",9,2,5,1
breadth_first,True,11.35111111111111,11,1.2147511999937706,2145,2146,2146,605,11,"['UP_X', 'UP_X', 'UP_Z', 'RECHARGE', 'UP_X', 'UP_Y', 'UP_X', 'UP_Y', 'UP_Y', 'UP_Y', 'UP_Y']","DroneState(x=4, y=5, z=1, battery=2, time_step=12)",40,5x6x2,"(0, 0, 0)","(4, 5, 1)",9,2,5,1
uniform_cost,True,11.35111111111111,11,2.477068699998199,1430,1431,1431,921,11,"['UP_Y', 'UP_Y', 'UP_X', 'UP_Y', 'UP_Y', 'RECHARGE', 'UP_X', 'UP_X', 'UP_X', 'UP_Z', 'UP_Y']","DroneState(x=4, y=5, z=1, battery=3, time_step=12)",40,5x6x2,"(0, 0, 0)","(4, 5, 1)",9,2,5,1
greedy,True,80.16666666666669,48,1.7739729000022635,2498,2499,2499,549,48,"['UP_X', 'UP_X', 'UP_X', 'UP_Y', 'UP_Z', 'WAIT', 'WAIT', 'WAIT', 'WAIT', 'WAIT', 'WAIT', 'WAIT', 'WAIT', 'WAIT', 'WAIT', 'WAIT', 'WAIT', 'WAIT', 'WAIT', 'WAIT', 'WAIT', 'WAIT', 'WAIT', 'WAIT', 'WAIT', 'WAIT', 'WAIT', 'WAIT', 'WAIT', 'WAIT', 'WAIT', 'WAIT', 'WAIT', 'WAIT', 'WAIT', 'WAIT', 'WAIT', 'DOWN_Y', 'DOWN_X', 'RECHARGE', 'RECHARGE', 'UP_X', 'UP_Y', 'UP_X', 'UP_Y', 'UP_Y', 'UP_Y', 'UP_Y']","DroneState(x=4, y=5, z=1, battery=2, time_step=50)",40,5x6x2,"(0, 0, 0)","(4, 5, 1)",9,2,5,1
astar,True,11.35111111111111,11,0.04133059999730904,135,136,136,170,11,"['UP_X', 'UP_X', 'UP_Z', 'RECHARGE', 'UP_X', 'UP_Y', 'UP_X', 'UP_Y', 'UP_Y', 'UP_Y', 'UP_Y']","DroneState(x=4, y=5, z=1, battery=2, time_step=12)",40,5x6x2,"(0, 0, 0)","(4, 5, 1)",9,2,5,1
depth_first,True,91.74999999999996,50,0.1744745000032708,1036,1037,1037,148,50,"['WAIT', 'WAIT', 'WAIT', 'WAIT', 'WAIT', 'WAIT', 'WAIT', 'WAIT', 'WAIT', 'WAIT', 'WAIT', 'WAIT', 'WAIT', 'WAIT', 'WAIT', 'WAIT', 'WAIT', 'WAIT', 'WAIT', 'WAIT', 'WAIT', 'WAIT', 'WAIT', 'WAIT', 'WAIT', 'WAIT', 'WAIT', 'WAIT', 'WAIT', 'WAIT', 'WAIT', 'WAIT', 'WAIT', 'WAIT', 'WAIT', 'WAIT', 'WAIT', 'WAIT', 'WAIT', 'WAIT', 'WAIT', 'UP_Z', 'UP_Y', 'UP_Y', 'UP_Y', 'UP_X', 'UP_X', 'UP_Y', 'UP_X', 'UP_X']","DroneState(x=4, y=4, z=1, battery=3, time_step=50)",41,5x5x2,"(0, 0, 0)","(4, 4, 1)",12,2,7,1
breadth_first,True,9.75,9,0.5771320999920135,1092,1093,1093,597,9,"['UP_X', 'UP_X', 'UP_X', 'UP_X', 'UP_Y', 'UP_Y', 'UP_Y', 'UP_Z', 'UP_Y']","DroneState(x=4, y=4, z=1, battery=3, time_step=9)",41,5x5x2,"(0, 0, 0)","(4, 4, 1)",12,2,7,1
uniform_cost,True,9.75,9,1.7670019999932265,1092,1093,1093,892,9,"['UP_Y', 'UP_Y', 'UP_Y', 'UP_X', 'UP_Z', 'UP_X', 'UP_Y', 'UP_X', 'UP_X']","DroneState(x=4, y=4, z=1, battery=3, time_step=9)",41,5x5x2,"(0, 0, 0)","(4, 4, 1)",12,2,7,1
greedy,True,9.75,9,0.0011804000096162781,9,10,10,31,9,"['UP_X', 'UP_X', 'UP_X', 'UP_X', 'UP_Y', 'UP_Y', 'UP_Y', 'UP_Z', 'UP_Y']","DroneState(x=4, y=4, z=1, battery=3, time_step=9)",41,5x5x2,"(0, 0, 0)","(4, 4, 1)",12,2,7,1
astar,True,9.75,9,0.0011663000041153282,9,10,10,31,9,"['UP_X', 'UP_X', 'UP_X', 'UP_X', 'UP_Y', 'UP_Y', 'UP_Y', 'UP_Z', 'UP_Y']","DroneState(x=4, y=4, z=1, battery=3, time_step=9)",41,5x5x2,"(0, 0, 0)","(4, 4, 1)",12,2,7,1
depth_first,True,91.64285714285712,50,0.13485420000506565,826,827,827,151,50,"['WAIT', 'WAIT', 'WAIT', 'WAIT', 'WAIT', 'WAIT', 'WAIT', 'WAIT', 'WAIT', 'WAIT', 'WAIT', 'WAIT', 'WAIT', 'WAIT', 'WAIT', 'WAIT', 'WAIT', 'WAIT', 'WAIT', 'WAIT', 'WAIT', 'WAIT', 'WAIT', 'WAIT', 'WAIT', 'WAIT', 'WAIT', 'WAIT', 'WAIT', 'WAIT', 'WAIT', 'WAIT', 'WAIT', 'WAIT', 'WAIT', 'WAIT', 'WAIT', 'WAIT', 'WAIT', 'WAIT', 'WAIT', 'UP_Z', 'UP_Y', 'UP_Y', 'UP_X', 'UP_X', 'UP_Y', 'UP_X', 'UP_X', 'UP_X']","DroneState(x=5, y=3, z=1, battery=5, time_step=50)",42,6x4x2,"(0, 0, 0)","(5, 3, 1)",14,2,6,1
breadth_first,True,9.734285714285715,9,0.23564640000404324,712,713,713,345,9,"['UP_X', 'UP_Y', 'UP_X', 'UP_X', 'UP_X', 'UP_X', 'UP_Y', 'UP_Y', 'UP_Z']","DroneState(x=5, y=3, z=1, battery=4, time_step=9)",42,6x4x2,"(0, 0, 0)","(5, 3, 1)",14,2,6,1
uniform_cost,True,9.642857142857142,9,0.31443230000149924,466,467,467,366,9,"['UP_X', 'UP_Y', 'UP_X', 'UP_X', 'UP_Y', 'UP_Z', 'UP_X', 'UP_Y', 'UP_X']","DroneState(x=5, y=3, z=1, battery=5, time_step=9)",42,6x4x2,"(0, 0, 0)","(5, 3, 1)",14,2,6,1
greedy,True,9.734285714285715,9,0.0012907999916933477,9,10,10,35,9,"['UP_X', 'UP_Y', 'UP_X', 'UP_X', 'UP_X', 'UP_X', 'UP_Y', 'UP_Y', 'UP_Z']","DroneState(x=5, y=3, z=1, battery=4, time_step=9)",42,6x4x2,"(0, 0, 0)","(5, 3, 1)",14,2,6,1
astar,True,9.734285714285715,9,0.0012790000037057325,9,10,10,35,9,"['UP_X', 'UP_Y', 'UP_X', 'UP_X', 'UP_X', 'UP_X', 'UP_Y', 'UP_Y', 'UP_Z']","DroneState(x=5, y=3, z=1, battery=4, time_step=9)",42,6x4x2,"(0, 0, 0)","(5, 3, 1)",14,2,6,1
depth_first,True,92.66666666666663,50,0.05751359999703709,496,497,497,101,50,"['WAIT', 'WAIT', 'WAIT', 'WAIT', 'WAIT', 'WAIT', 'WAIT', 'WAIT', 'WAIT', 'WAIT', 'WAIT', 'WAIT', 'WAIT', 'WAIT', 'WAIT', 'WAIT', 'WAIT', 'WAIT', 'WAIT', 'WAIT', 'WAIT', 'WAIT', 'WAIT', 'WAIT', 'WAIT', 'WAIT', 'WAIT', 'WAIT', 'WAIT', 'WAIT', 'WAIT', 'WAIT', 'WAIT', 'WAIT', 'WAIT', 'WAIT', 'WAIT', 'WAIT', 'WAIT', 'WAIT', 'WAIT', 'WAIT', 'UP_Z', 'UP_Y', 'UP_Y', 'UP_X', 'UP_Y', 'UP_Y', 'UP_X', 'UP_X']","DroneState(x=3, y=4, z=1, battery=4, time_step=50)",43,4x5x2,"(0, 0, 0)","(3, 4, 1)",12,2,6,1
breadth_first,True,8.666666666666666,8,0.1197630999959074,466,467,467,249,8,"['UP_X', 'UP_X', 'UP_Y', 'UP_Z', 'UP_Y', 'UP_X', 'UP_Y', 'UP_Y']","DroneState(x=3, y=4, z=1, battery=4, time_step=8)",43,4x5x2,"(0, 0, 0)","(3, 4, 1)",12,2,6,1
uniform_cost,True,8.666666666666666,8,0.1371355000010226,290,291,291,251,8,"['UP_Z', 'UP_Y', 'UP_X', 'UP_X', 'UP_Y', 'UP_X', 'UP_Y', 'UP_Y']","DroneState(x=3, y=4, z=1, battery=4, time_step=8)",43,4x5x2,"(0, 0, 0)","(3, 4, 1)",12,2,6,1
greedy,True,8.666666666666666,8,0.0009848999907262623,8,9,9,27,8,"['UP_X', 'UP_X', 'UP_Y', 'UP_Z', 'UP_Y', 'UP_X', 'UP_Y', 'UP_Y']","DroneState(x=3, y=4, z=1, battery=4, time_step=8)",43,4x5x2,"(0, 0, 0)","(3, 4, 1)",12,2,6,1
astar,True,8.666666666666666,8,0.0009839999984251335,8,9,9,27,8,"['UP_X', 'UP_X', 'UP_Y', 'UP_Z', 'UP_Y', 'UP_X', 'UP_Y', 'UP_Y']","DroneState(x=3, y=4, z=1, battery=4, time_step=8)",43,4x5x2,"(0, 0, 0)","(3, 4, 1)",12,2,6,1
depth_first,True,90.99999999999994,50,0.17961089999880642,1399,1400,1400,101,50,"['WAIT', 'WAIT', 'WAIT', 'WAIT', 'WAIT', 'WAIT', 'WAIT', 'WAIT', 'WAIT', 'WAIT', 'WAIT', 'WAIT', 'WAIT', 'WAIT', 'WAIT', 'WAIT', 'WAIT', 'WAIT', 'WAIT', 'WAIT', 'WAIT', 'WAIT', 'WAIT', 'WAIT', 'WAIT', 'WAIT', 'WAIT', 'WAIT', 'WAIT', 'WAIT', 'WAIT', 'WAIT', 'WAIT', 'WAIT', 'WAIT', 'WAIT', 'WAIT', 'WAIT', 'WAIT', 'WAIT', 'UP_Z', 'UP_Y', 'UP_Y', 'UP_Y', 'UP_Y', 'UP_X', 'UP_Y', 'UP_X', 'UP_X', 'UP_X']","DroneState(x=4, y=5, z=1, battery=0, time_step=50)",44,5x6x2,"(0, 0, 0)","(4, 5, 1)",10,2,5,1
breadth_first,True,10.999999999999998,10,0.6531126000045333,1405,1406,1406,514,10,"['UP_X', 'UP_X', 'UP_X', 'UP_X', 'UP_Y', 'UP_Y', 'UP_Y', 'UP_Y', 'UP_Y', 'UP_Z']","DroneState(x=4, y=5, z=1, battery=0, time_step=10)",44,5x6x2,"(0, 0, 0)","(4, 5, 1)",10,2,5,1
uniform_cost,True,10.999999999999998,10,3.0417108999972697,1568,1569,1569,1040,10,"['UP_X', 'UP_X', 'UP_Y', 'UP_X', 'UP_Y', 'UP_Y', 'UP_Y', 'UP_Z', 'UP_Y', 'UP_X']","DroneState(x=4, y=5, z=1, battery=0, time_step=10)",44,5x6x2,"(0, 0, 0)","(4, 5, 1)",10,2,5,1
greedy,True,10.999999999999998,10,0.001346299992292188,10,11,11,35,10,"['UP_X', 'UP_X', 'UP_X', 'UP_X', 'UP_Y', 'UP_Y', 'UP_Y', 'UP_Y', 'UP_Y', 'UP_Z']","DroneState(x=4, y=5, z=1, battery=0, time_step=10)",44,5x6x2,"(0, 0, 0)","(4, 5, 1)",10,2,5,1
astar,True,10.999999999999998,10,0.0013427000085357577,10,11,11,35,10,"['UP_X', 'UP_X', 'UP_X', 'UP_X', 'UP_Y', 'UP_Y', 'UP_Y', 'UP_Y', 'UP_Y', 'UP_Z']","DroneState(x=4, y=5, z=1, battery=0, time_step=10)",44,5x6x2,"(0, 0, 0)","(4, 5, 1)",10,2,5,1
depth_first,True,90.7142857142857,50,0.0849809999926947,951,952,952,57,50,"['WAIT', 'WAIT', 'WAIT', 'WAIT', 'WAIT', 'WAIT', 'WAIT', 'WAIT', 'WAIT', 'WAIT', 'WAIT', 'WAIT', 'WAIT', 'WAIT', 'WAIT', 'WAIT', 'WAIT', 'WAIT', 'WAIT', 'WAIT', 'WAIT', 'WAIT', 'WAIT', 'WAIT', 'WAIT', 'WAIT', 'WAIT', 'WAIT', 'WAIT', 'WAIT', 'WAIT', 'WAIT', 'WAIT', 'WAIT', 'WAIT', 'WAIT', 'WAIT', 'WAIT', 'WAIT', 'WAIT', 'UP_Z', 'UP_Y', 'UP_Z', 'UP_Y', 'UP_Y', 'UP_X', 'UP_X', 'UP_X', 'UP_Y', 'UP_X']","DroneState(x=4, y=4, z=2, battery=4, time_step=50)",45,5x5x3,"(0, 0, 0)","(4, 4, 2)",14,2,7,1
breadth_first,True,10.714285714285714,10,0.4677481999970041,923,924,924,537,10,"['UP_Z', 'UP_X', 'UP_X', 'UP_X', 'UP_X', 'UP_Y', 'UP_Y', 'UP_Y', 'UP_Y', 'UP_Z']","DroneState(x=4, y=4, z=2, battery=4, time_step=10)",45,5x5x3,"(0, 0, 0)","(4, 4, 2)",14,2,7,1
uniform_cost,True,10.714285714285714,10,1.0837631999893347,796,797,797,700,10,"['UP_Z', 'UP_Y', 'UP_Y', 'UP_X', 'UP_X', 'UP_X', 'UP_Y', 'UP_Z', 'UP_Y', 'UP_X']","DroneState(x=4, y=4, z=2, battery=4, time_step=10)",45,5x5x3,"(0, 0, 0)","(4, 4, 2)",14,2,7,1
greedy,True,10.714285714285714,10,0.0015840999985812232,10,11,11,41,10,"['UP_Z', 'UP_X', 'UP_X', 'UP_X', 'UP_X', 'UP_Y', 'UP_Y', 'UP_Y', 'UP_Y', 'UP_Z']","DroneState(x=4, y=4, z=2, battery=4, time_step=10)",45,5x5x3,"(0, 0, 0)","(4, 4, 2)",14,2,7,1
astar,True,10.714285714285714,10,0.0015451000072062016,10,11,11,41,10,"['UP_Z', 'UP_X', 'UP_X', 'UP_X', 'UP_X', 'UP_Y', 'UP_Y', 'UP_Y', 'UP_Y', 'UP_Z']","DroneState(x=4, y=4, z=2, battery=4, time_step=10)",45,5x5x3,"(0, 0, 0)","(4, 4, 2)",14,2,7,1
depth_first,True,92.61538461538464,50,0.06509240000741556,559,560,560,101,50,"['WAIT', 'WAIT', 'WAIT', 'WAIT', 'WAIT', 'WAIT', 'WAIT', 'WAIT', 'WAIT', 'WAIT', 'WAIT', 'WAIT', 'WAIT', 'WAIT', 'WAIT', 'WAIT', 'WAIT', 'WAIT', 'WAIT', 'WAIT', 'WAIT', 'WAIT', 'WAIT', 'WAIT', 'WAIT', 'WAIT', 'WAIT', 'WAIT', 'WAIT', 'WAIT', 'WAIT', 'WAIT', 'WAIT', 'WAIT', 'WAIT', 'WAIT', 'WAIT', 'WAIT', 'WAIT', 'WAIT', 'WAIT', 'WAIT', 'UP_Z', 'UP_Y', 'UP_Y', 'UP_Y', 'UP_Y', 'UP_X', 'UP_X', 'UP_X']","DroneState(x=3, y=4, z=1, battery=5, time_step=50)",46,4x5x2,"(0, 0, 0)","(3, 4, 1)",13,2,5,1
breadth_first,True,8.615384615384615,8,0.3079100000031758,734,735,735,459,8,"['UP_Y', 'UP_X', 'UP_X', 'UP_Y', 'UP_Y', 'UP_X', 'UP_Z', 'UP_Y']","DroneState(x=3, y=4, z=1, battery=5, time_step=8)",46,4x5x2,"(0, 0, 0)","(3, 4, 1)",13,2,5,1
uniform_cost,True,8.615384615384615,8,1.5721737000130815,968,969,969,884,8,"['UP_Y', 'UP_X', 'UP_Y', 'UP_Y', 'UP_X', 'UP_Z', 'UP_X', 'UP_Y']","DroneState(x=3, y=4, z=1, battery=5, time_step=8)",46,4x5x2,"(0, 0, 0)","(3, 4, 1)",13,2,5,1
greedy,True,78.76923076923079,44,0.032044899999164045,86,87,87,251,44,"['UP_Y', 'UP_X', 'UP_X', 'UP_X', 'UP_Z', 'WAIT', 'WAIT', 'WAIT', 'WAIT', 'WAIT', 'WAIT', 'WAIT', 'WAIT', 'WAIT', 'WAIT', 'WAIT', 'WAIT', 'WAIT', 'WAIT', 'WAIT', 'WAIT', 'WAIT', 'WAIT', 'WAIT', 'WAIT', 'WAIT', 'WAIT', 'WAIT', 'WAIT', 'WAIT', 'WAIT', 'WAIT', 'WAIT', 'WAIT', 'WAIT', 'WAIT', 'WAIT', 'WAIT', 'WAIT', 'DOWN_X', 'UP_Y', 'UP_Y', 'UP_X', 'UP_Y']","DroneState(x=3, y=4, z=1, battery=3, time_step=44)",46,4x5x2,"(0, 0, 0)","(3, 4, 1)",13,2,5,1
astar,True,8.615384615384615,8,0.0014457999932346866,10,11,11,36,8,"['UP_Y', 'UP_X', 'UP_X', 'UP_Y', 'UP_Y', 'UP_X', 'UP_Z', 'UP_Y']","DroneState(x=3, y=4, z=1, battery=5, time_step=8)",46,4x5x2,"(0, 0, 0)","(3, 4, 1)",13,2,5,1
depth_first,True,91.7892307692308,50,0.20072919999074657,1148,1149,1149,151,50,"['WAIT', 'WAIT', 'WAIT', 'WAIT', 'WAIT', 'WAIT', 'WAIT', 'WAIT', 'WAIT', 'WAIT', 'WAIT', 'WAIT', 'WAIT', 'WAIT', 'WAIT', 'WAIT', 'WAIT', 'WAIT', 'WAIT', 'WAIT', 'WAIT', 'WAIT', 'WAIT', 'WAIT', 'WAIT', 'WAIT', 'WAIT', 'WAIT', 'WAIT', 'WAIT', 'WAIT', 'WAIT', 'WAIT', 'WAIT', 'WAIT', 'WAIT', 'WAIT', 'WAIT', 'WAIT', 'WAIT', 'WAIT', 'UP_Z', 'UP_Z', 'UP_Y', 'UP_Y', 'UP_Y', 'UP_X', 'UP_X', 'UP_X', 'UP_X']","DroneState(x=4, y=3, z=2, battery=3, time_step=50)",47,5x4x3,"(0, 0, 0)","(4, 3, 2)",13,2,7,1
breadth_first,True,9.789230769230768,9,0.9525817000103416,1378,1379,1379,769,9,"['UP_X', 'UP_X', 'UP_X', 'UP_X', 'UP_Y', 'UP_Y', 'UP_Z', 'UP_Y', 'UP_Z']","DroneState(x=4, y=3, z=2, battery=3, time_step=9)",47,5x4x3,"(0, 0, 0)","(4, 3, 2)",13,2,7,1
uniform_cost,True,9.692307692307692,9,3.5042067999893334,1493,1494,1494,1268,9,"['UP_X', 'UP_Y', 'UP_Y', 'UP_X', 'UP_X', 'UP_Z', 'UP_Y', 'UP_Z', 'UP_X']","DroneState(x=4, y=3, z=2, battery=4, time_step=9)",47,5x4x3,"(0, 0, 0)","(4, 3, 2)",13,2,7,1
greedy,True,9.789230769230768,9,0.001269300002604723,9,10,10,34,9,"['UP_X', 'UP_X', 'UP_X', 'UP_X', 'UP_Y', 'UP_Y', 'UP_Z', 'UP_Y', 'UP_Z']","DroneState(x=4, y=3, z=2, battery=3, time_step=9)",47,5x4x3,"(0, 0, 0)","(4, 3, 2)",13,2,7,1
astar,True,9.692307692307692,9,0.0012427000037860125,9,10,10,34,9,"['UP_X', 'UP_X', 'UP_X', 'UP_X', 'UP_Z', 'UP_Y', 'UP_Y', 'UP_Y', 'UP_Z']","DroneState(x=4, y=3, z=2, battery=4, time_step=9)",47,5x4x3,"(0, 0, 0)","(4, 3, 2)",13,2,7,1
depth_first,True,83.675,47,0.34725030000845436,2074,2075,2075,146,47,"['WAIT', 'WAIT', 'WAIT', 'WAIT', 'WAIT', 'WAIT', 'WAIT', 'WAIT', 'WAIT', 'WAIT', 'WAIT', 'WAIT', 'WAIT', 'WAIT', 'WAIT', 'WAIT', 'WAIT', 'WAIT', 'WAIT', 'WAIT', 'WAIT', 'WAIT', 'WAIT', 'WAIT', 'WAIT', 'WAIT', 'WAIT', 'WAIT', 'WAIT', 'WAIT', 'WAIT', 'WAIT', 'WAIT', 'WAIT', 'WAIT', 'WAIT', 'UP_Z', 'UP_X', 'RECHARGE', 'UP_X', 'UP_X', 'UP_X', 'UP_Y', 'UP_Y', 'UP_Y', 'UP_X', 'UP_Y']","DroneState(x=5, y=4, z=1, battery=0, time_step=50)",48,6x5x2,"(0, 0, 0)","(5, 4, 1)",8,2,7,1
breadth_first,True,11.530000000000001,11,1.1729430999985198,2202,2203,2203,616,11,"['UP_X', 'UP_Z', 'RECHARGE', 'UP_X', 'UP_X', 'UP_X', 'UP_Y', 'UP_X', 'UP_Y', 'UP_Y', 'UP_Y']","DroneState(x=5, y=4, z=1, battery=0, time_step=14)",48,6x5x2,"(0, 0, 0)","(5, 4, 1)",8,2,7,1
uniform_cost,True,11.530000000000001,11,2.064883400002145,1408,1409,1409,834,11,"['UP_X', 'UP_Z', 'RECHARGE', 'UP_X', 'UP_X', 'UP_X', 'UP_Y', 'UP_Y', 'UP_Y', 'UP_X', 'UP_Y']","DroneState(x=5, y=4, z=1, battery=0, time_step=14)",48,6x5x2,"(0, 0, 0)","(5, 4, 1)",8,2,7,1
greedy,True,54.31,35,2.574370900008944,3190,3191,3191,713,35,"['UP_X', 'UP_Y', 'UP_X', 'UP_X', 'UP_Y', 'WAIT', 'WAIT', 'WAIT', 'WAIT', 'WAIT', 'WAIT', 'WAIT', 'WAIT', 'WAIT', 'WAIT', 'WAIT', 'WAIT', 'WAIT', 'WAIT', 'WAIT', 'WAIT', 'WAIT', 'WAIT', 'WAIT', 'DOWN_Y', 'DOWN_Y', 'RECHARGE', 'RECHARGE', 'UP_X', 'UP_X', 'UP_Y', 'UP_Y', 'UP_Y', 'UP_Y', 'UP_Z']","DroneState(x=5, y=4, z=1, battery=1, time_step=41)",48,6x5x2,"(0, 0, 0)","(5, 4, 1)",8,2,7,1
astar,True,11.530000000000001,11,0.043837000004714355,141,142,142,167,11,"['UP_X', 'UP_Z', 'RECHARGE', 'UP_X', 'UP_X', 'UP_X', 'UP_Y', 'UP_X', 'UP_Y', 'UP_Y', 'UP_Y']","DroneState(x=5, y=4, z=1, battery=0, time_step=14)",48,6x5x2,"(0, 0, 0)","(5, 4, 1)",8,2,7,1
depth_first,True,92.01999999999995,50,0.1513351000030525,1098,1099,1099,102,50,"['WAIT', 'WAIT', 'WAIT', 'WAIT', 'WAIT', 'WAIT', 'WAIT', 'WAIT', 'WAIT', 'WAIT', 'WAIT', 'WAIT', 'WAIT', 'WAIT', 'WAIT', 'WAIT', 'WAIT', 'WAIT', 'WAIT', 'WAIT', 'WAIT', 'WAIT', 'WAIT', 'WAIT', 'WAIT', 'WAIT', 'WAIT', 'WAIT', 'WAIT', 'WAIT', 'WAIT', 'WAIT', 'WAIT', 'WAIT', 'WAIT', 'WAIT', 'WAIT', 'WAIT', 'WAIT', 'WAIT', 'WAIT', 'UP_Z', 'UP_Z', 'UP_Y', 'UP_Y', 'UP_Y', 'UP_X', 'UP_X', 'UP_X', 'UP_Y']","DroneState(x=3, y=4, z=2, battery=0, time_step=50)",49,4x5x3,"(0, 0, 0)","(3, 4, 2)",10,2,9,1
breadth_first,True,9.899999999999999,9,0.44721230000141077,1077,1078,1078,421,9,"['UP_X', 'UP_X', 'UP_Z', 'UP_Y', 'UP_Y', 'UP_Y', 'UP_X', 'UP_Y', 'UP_Z']","DroneState(x=3, y=4, z=2, battery=1, time_step=9)",49,4x5x3,"(0, 0, 0)","(3, 4, 2)",10,2,9,1
uniform_cost,True,9.899999999999999,9,0.8520064999902388,794,795,795,564,9,"['UP_X', 'UP_X', 'UP_Z', 'UP_Y', 'UP_Y', 'UP_Y', 'UP_X', 'UP_Z', 'UP_Y']","DroneState(x=3, y=4, z=2, battery=1, time_step=9)",49,4x5x3,"(0, 0, 0)","(3, 4, 2)",10,2,9,1
greedy,True,10.419999999999998,10,0.0014163000014377758,12,13,13,30,10,"['UP_X', 'UP_X', 'UP_X', 'UP_Y', 'UP_Y', 'UP_Y', 'UP_Z', 'UP_Z', 'RECHARGE', 'UP_Y']","DroneState(x=3, y=4, z=2, battery=7, time_step=13)",49,4x5x3,"(0, 0, 0)","(3, 4, 2)",10,2,9,1
astar,True,10.419999999999998,10,0.001366899989079684,11,12,12,30,10,"['UP_X', 'UP_X', 'UP_X', 'UP_Y', 'UP_Y', 'UP_Y', 'UP_Z', 'UP_Z', 'RECHARGE', 'UP_Y']","DroneState(x=3, y=4, z=2, battery=7, time_step=13)",49,4x5x3,"(0, 0, 0)","(3, 4, 2)",10,2,9,1
depth_first,True,90.99999999999994,50,0.27733700000680983,1449,1450,1450,151,50,"['WAIT', 'WAIT', 'WAIT', 'WAIT', 'WAIT', 'WAIT', 'WAIT', 'WAIT', 'WAIT', 'WAIT', 'WAIT', 'WAIT', 'WAIT', 'WAIT', 'WAIT', 'WAIT', 'WAIT', 'WAIT', 'WAIT', 'WAIT', 'WAIT', 'WAIT', 'WAIT', 'WAIT', 'WAIT', 'WAIT', 'WAIT', 'WAIT', 'WAIT', 'WAIT', 'WAIT', 'WAIT', 'WAIT', 'WAIT', 'WAIT', 'WAIT', 'WAIT', 'WAIT', 'WAIT', 'WAIT', 'UP_Z', 'UP_Z', 'UP_Y', 'UP_Y', 'UP_X', 'UP_X', 'UP_X', 'UP_Y', 'UP_Y', 'UP_X']","DroneState(x=4, y=4, z=2, battery=0, time_step=50)",50,5x5x3,"(0, 0, 0)","(4, 4, 2)",10,2,9,1
breadth_first,True,10.999999999999998,10,0.7005196999962209,1402,1403,1403,488,10,"['UP_X', 'UP_X', 'UP_X', 'UP_Y', 'UP_Y', 'UP_Y', 'UP_Y', 'UP_X', 'UP_Z', 'UP_Z']","DroneState(x=4, y=4, z=2, battery=0, time_step=10)",50,5x5x3,"(0, 0, 0)","(4, 4, 2)",10,2,9,1
uniform_cost,True,10.999999999999998,10,1.280165099989972,1013,1014,1014,648,10,"['UP_X', 'UP_Y', 'UP_Y', 'UP_X', 'UP_Y', 'UP_Z', 'UP_X', 'UP_Z', 'UP_X', 'UP_Y']","DroneState(x=4, y=4, z=2, battery=0, time_step=10)",50,5x5x3,"(0, 0, 0)","(4, 4, 2)",10,2,9,1
greedy,True,83.75999999999996,49,0.6810630999971181,1155,1156,1156,436,49,"['UP_X', 'UP_X', 'UP_X', 'UP_X', 'UP_Y', 'UP_Y', 'UP_Z', 'WAIT', 'WAIT', 'WAIT', 'WAIT', 'WAIT', 'WAIT', 'WAIT', 'WAIT', 'WAIT', 'WAIT', 'WAIT', 'WAIT', 'WAIT', 'WAIT', 'WAIT', 'WAIT', 'WAIT', 'WAIT', 'WAIT', 'WAIT', 'WAIT', 'WAIT', 'WAIT', 'WAIT', 'WAIT', 'WAIT', 'WAIT', 'WAIT', 'WAIT', 'WAIT', 'WAIT', 'WAIT', 'WAIT', 'WAIT', 'DOWN_Z', 'DOWN_X', 'RECHARGE', 'UP_X', 'UP_Z', 'UP_Z', 'UP_Y', 'UP_Y']","DroneState(x=4, y=4, z=2, battery=2, time_step=50)",50,5x5x3,"(0, 0, 0)","(4, 4, 2)",10,2,9,1
astar,True,10.999999999999998,10,0.005000700009986758,28,29,29,64,10,"['UP_X', 'UP_X', 'UP_X', 'UP_Z', 'UP_Y', 'UP_Z', 'UP_Y', 'UP_Y', 'UP_X', 'UP_Y']","DroneState(x=4, y=4, z=2, battery=0, time_step=10)",50,5x5x3,"(0, 0, 0)","(4, 4, 2)",10,2,9,1
